player_username,opponent_username,played_as,opponent_played_as,result_for_player,result_for_opponent,player_rating,opponent_rating,rating_difference,result_val_for_player,time_class,opening,moves,first_move,rated,PGN,FEN
TheVish,Hikaru,white,black,repetition,repetition,2751,2829,-78,0.5,rapid,Queens Gambit Declined 3.Nf3 Nf6,41,d2d4,False,"[Event ""Live Chess""]
[Site ""Chess.com""]
[Date ""2020.05.05""]
[Round ""-""]
[White ""TheVish""]
[Black ""Hikaru""]
[Result ""1/2-1/2""]
[CurrentPosition ""6k1/r4p2/6p1/7p/PR3R1P/r5P1/5PK1/8 w - -""]
[Timezone ""UTC""]
[ECO ""D30""]
[ECOUrl ""https://www.chess.com/openings/Queens-Gambit-Declined-3.Nf3-Nf6""]
[UTCDate ""2020.05.05""]
[UTCTime ""13:07:00""]
[WhiteElo ""2751""]
[BlackElo ""2829""]
[TimeControl ""1500+10""]
[Termination ""Game drawn by repetition""]
[StartTime ""13:07:00""]
[EndDate ""2020.05.05""]
[EndTime ""13:57:56""]
[Link ""https://www.chess.com/live/game/4814018773""]

1. d4 {[%clk 0:25:08.3]} 1... Nf6 {[%clk 0:24:59.6]} 2. c4 {[%clk 0:25:15.7]} 2... e6 {[%clk 0:25:01.8]} 3. Nf3 {[%clk 0:25:22.4]} 3... d5 {[%clk 0:25:10]} 4. Nc3 {[%clk 0:25:29.1]} 4... Be7 {[%clk 0:25:16.7]} 5. Bf4 {[%clk 0:25:33.2]} 5... O-O {[%clk 0:25:21.2]} 6. e3 {[%clk 0:25:39.3]} 6... Nbd7 {[%clk 0:25:29]} 7. a3 {[%clk 0:24:49.8]} 7... c5 {[%clk 0:25:16.8]} 8. cxd5 {[%clk 0:24:55]} 8... Nxd5 {[%clk 0:25:15.7]} 9. Nxd5 {[%clk 0:25:00.5]} 9... exd5 {[%clk 0:25:25.6]} 10. dxc5 {[%clk 0:25:08.7]} 10... Nxc5 {[%clk 0:25:27]} 11. Be5 {[%clk 0:24:22.7]} 11... Bf5 {[%clk 0:25:28.8]} 12. Rc1 {[%clk 0:23:53.4]} 12... Ne6 {[%clk 0:21:08.9]} 13. Bd3 {[%clk 0:20:28]} 13... Bxd3 {[%clk 0:20:49.2]} 14. Qxd3 {[%clk 0:20:32.8]} 14... Bf6 {[%clk 0:20:59.1]} 15. O-O {[%clk 0:20:04.3]} 15... Bxe5 {[%clk 0:13:25.3]} 16. Nxe5 {[%clk 0:20:10.1]} 16... d4 {[%clk 0:13:15.2]} 17. Rfd1 {[%clk 0:19:08.5]} 17... Re8 {[%clk 0:13:23.3]} 18. exd4 {[%clk 0:15:36.4]} 18... Qxd4 {[%clk 0:13:13.8]} 19. Qxd4 {[%clk 0:13:48.6]} 19... Nxd4 {[%clk 0:13:23.7]} 20. Rxd4 {[%clk 0:13:56.7]} 20... Rxe5 {[%clk 0:13:30.6]} 21. Rd7 {[%clk 0:13:18.4]} 21... Rb5 {[%clk 0:06:28.9]} 22. Rc2 {[%clk 0:09:22.3]} 22... a5 {[%clk 0:06:22.7]} 23. g3 {[%clk 0:09:24.9]} 23... g6 {[%clk 0:06:31.6]} 24. Rcc7 {[%clk 0:09:15.7]} 24... Rf5 {[%clk 0:06:23.6]} 25. Rxb7 {[%clk 0:09:20.1]} 25... h5 {[%clk 0:06:19.4]} 26. h4 {[%clk 0:09:26]} 26... Rc8 {[%clk 0:06:23.1]} 27. Rd2 {[%clk 0:09:31.2]} 27... Kg7 {[%clk 0:06:19.2]} 28. Kg2 {[%clk 0:09:34.9]} 28... Rc1 {[%clk 0:06:21.2]} 29. a4 {[%clk 0:09:33.4]} 29... Rc4 {[%clk 0:06:23.2]} 30. b3 {[%clk 0:09:37.8]} 30... Rc3 {[%clk 0:06:05.5]} 31. Re2 {[%clk 0:09:38.4]} 31... Rcf3 {[%clk 0:05:19.7]} 32. Ra2 {[%clk 0:09:25.7]} 32... Rc3 {[%clk 0:05:14.5]} 33. b4 {[%clk 0:09:23.2]} 33... axb4 {[%clk 0:05:01]} 34. Rxb4 {[%clk 0:09:25.6]} 34... Ra5 {[%clk 0:05:09.8]} 35. Rd2 {[%clk 0:09:16.4]} 35... Ra3 {[%clk 0:05:15.9]} 36. Rdd4 {[%clk 0:09:24.6]} 36... Ra7 {[%clk 0:05:23.3]} 37. Rf4 {[%clk 0:09:26]} 37... Kg8 {[%clk 0:05:20.6]} 38. Kf1 {[%clk 0:09:23.9]} 38... Ra2 {[%clk 0:05:16.2]} 39. Kg2 {[%clk 0:08:36]} 39... Ra3 {[%clk 0:05:23.6]} 40. Kf1 {[%clk 0:07:22.9]} 40... Ra2 {[%clk 0:05:31.1]} 41. Kg2 {[%clk 0:07:27.1]} 41... Ra3 {[%clk 0:05:38.1]} 1/2-1/2",6k1/r4p2/6p1/7p/PR3R1P/r5P1/5PK1/8 w - -
TheVish,TRadjabov,black,white,repetition,repetition,2751,2758,-7,0.5,rapid,Queens Gambit Declined 3.Nf3 Nf6,26,d2d4,False,"[Event ""Live Chess""]
[Site ""Chess.com""]
[Date ""2020.05.05""]
[Round ""-""]
[White ""TRadjabov""]
[Black ""TheVish""]
[Result ""1/2-1/2""]
[CurrentPosition ""r1bq2k1/1p3Qp1/pb2p2p/4N3/1P2p3/P3P3/5PPP/2R3K1 b - -""]
[Timezone ""UTC""]
[ECO ""D30""]
[ECOUrl ""https://www.chess.com/openings/Queens-Gambit-Declined-3.Nf3-Nf6""]
[UTCDate ""2020.05.05""]
[UTCTime ""15:01:47""]
[WhiteElo ""2758""]
[BlackElo ""2751""]
[TimeControl ""1500+10""]
[Termination ""Game drawn by repetition""]
[StartTime ""15:01:47""]
[EndDate ""2020.05.05""]
[EndTime ""15:38:52""]
[Link ""https://www.chess.com/live/game/4814434128""]

1. d4 {[%clk 0:25:04.4]} 1... Nf6 {[%clk 0:25:02.3]} 2. c4 {[%clk 0:25:12.4]} 2... e6 {[%clk 0:25:10.7]} 3. Nf3 {[%clk 0:25:20.4]} 3... d5 {[%clk 0:25:18]} 4. Nc3 {[%clk 0:25:29]} 4... Bb4 {[%clk 0:25:19.3]} 5. Bg5 {[%clk 0:25:28]} 5... h6 {[%clk 0:25:16.2]} 6. Bxf6 {[%clk 0:25:36.2]} 6... Qxf6 {[%clk 0:25:24.7]} 7. e3 {[%clk 0:25:45.5]} 7... O-O {[%clk 0:25:30.2]} 8. Rc1 {[%clk 0:25:52.9]} 8... dxc4 {[%clk 0:25:27.8]} 9. Bxc4 {[%clk 0:26:00.6]} 9... c5 {[%clk 0:25:32]} 10. dxc5 {[%clk 0:26:03.3]} 10... Nd7 {[%clk 0:25:35.8]} 11. O-O {[%clk 0:26:10.6]} 11... Nxc5 {[%clk 0:25:04.1]} 12. Nb5 {[%clk 0:26:18.9]} 12... Rd8 {[%clk 0:23:49.7]} 13. Qe2 {[%clk 0:24:39.1]} 13... Ba5 {[%clk 0:20:47.6]} 14. a3 {[%clk 0:22:49.5]} 14... Ne4 {[%clk 0:20:20]} 15. Bd3 {[%clk 0:21:22.4]} 15... Nd6 {[%clk 0:20:03.4]} 16. Nxd6 {[%clk 0:19:46.6]} 16... Rxd6 {[%clk 0:20:02.8]} 17. Rfd1 {[%clk 0:19:54.8]} 17... Rd8 {[%clk 0:18:11.2]} 18. Be4 {[%clk 0:18:58.5]} 18... a6 {[%clk 0:16:33.4]} 19. b4 {[%clk 0:16:45]} 19... Bb6 {[%clk 0:16:39.2]} 20. Rxd8+ {[%clk 0:15:37.8]} 20... Qxd8 {[%clk 0:16:43.1]} 21. Ne5 {[%clk 0:14:20.9]} 21... f5 {[%clk 0:12:53.8]} 22. Qh5 {[%clk 0:08:57.9]} 22... fxe4 {[%clk 0:12:03.6]} 23. Qf7+ {[%clk 0:09:04.8]} 23... Kh7 {[%clk 0:12:08.3]} 24. Qg6+ {[%clk 0:09:09.7]} 24... Kg8 {[%clk 0:12:13.8]} 25. Qf7+ {[%clk 0:09:17.3]} 25... Kh7 {[%clk 0:12:17]} 26. Qg6+ {[%clk 0:09:25.3]} 26... Kg8 {[%clk 0:12:24.9]} 27. Qf7+ {[%clk 0:09:34.1]} 1/2-1/2",r1bq2k1/1p3Qp1/pb2p2p/4N3/1P2p3/P3P3/5PPP/2R3K1 b - -
TheVish,LyonBeast,white,black,agreed,agreed,2751,2860,-109,0.5,rapid,Slav Defense Modern Quiet Schallopp Defense 5.Nc3 e6 6.Nh4 Be4,41,d2d4,False,"[Event ""Live Chess""]
[Site ""Chess.com""]
[Date ""2020.05.06""]
[Round ""-""]
[White ""TheVish""]
[Black ""LyonBeast""]
[Result ""1/2-1/2""]
[CurrentPosition ""8/6pk/4R1p1/8/5KP1/5P1r/1r6/4R3 w - -""]
[Timezone ""UTC""]
[ECO ""D12""]
[ECOUrl ""https://www.chess.com/openings/Slav-Defense-Modern-Quiet-Schallopp-Defense-5.Nc3-e6-6.Nh4-Be4""]
[UTCDate ""2020.05.06""]
[UTCTime ""13:01:40""]
[WhiteElo ""2751""]
[BlackElo ""2860""]
[TimeControl ""1500+10""]
[Termination ""Game drawn by agreement""]
[StartTime ""13:01:40""]
[EndDate ""2020.05.06""]
[EndTime ""13:45:52""]
[Link ""https://www.chess.com/live/game/4818466842""]

1. d4 {[%clk 0:25:08.1]} 1... d5 {[%clk 0:25:07.3]} 2. c4 {[%clk 0:25:15.3]} 2... c6 {[%clk 0:25:16.5]} 3. Nf3 {[%clk 0:25:21.8]} 3... Nf6 {[%clk 0:25:24.9]} 4. e3 {[%clk 0:25:29.3]} 4... Bf5 {[%clk 0:25:32.6]} 5. Nc3 {[%clk 0:25:34.9]} 5... e6 {[%clk 0:25:41]} 6. Nh4 {[%clk 0:25:41.2]} 6... Be4 {[%clk 0:25:50]} 7. f3 {[%clk 0:25:47.4]} 7... Bg6 {[%clk 0:25:58.8]} 8. Qb3 {[%clk 0:25:54.1]} 8... Qc7 {[%clk 0:26:06.9]} 9. Bd2 {[%clk 0:25:59.5]} 9... Be7 {[%clk 0:26:14.3]} 10. Rc1 {[%clk 0:26:00.9]} 10... Nbd7 {[%clk 0:26:22.1]} 11. g3 {[%clk 0:26:07.4]} 11... dxc4 {[%clk 0:26:23.2]} 12. Bxc4 {[%clk 0:26:14.1]} 12... a6 {[%clk 0:26:21]} 13. e4 {[%clk 0:25:21.3]} 13... b5 {[%clk 0:26:00.5]} 14. Be2 {[%clk 0:25:16.1]} 14... Qb6 {[%clk 0:24:53.5]} 15. e5 {[%clk 0:23:42.9]} 15... Ng8 {[%clk 0:23:55.4]} 16. Nxg6 {[%clk 0:23:46.4]} 16... hxg6 {[%clk 0:24:04.1]} 17. Be3 {[%clk 0:23:50.1]} 17... Nh6 {[%clk 0:24:12.2]} 18. g4 {[%clk 0:23:43.4]} 18... c5 {[%clk 0:24:17.9]} 19. d5 {[%clk 0:23:43.7]} 19... Nxe5 {[%clk 0:24:25.7]} 20. dxe6 {[%clk 0:23:44]} 20... Qxe6 {[%clk 0:24:02.4]} 21. Qxe6 {[%clk 0:23:46.7]} 21... fxe6 {[%clk 0:24:10.1]} 22. a4 {[%clk 0:23:54]} 22... O-O {[%clk 0:18:38.5]} 23. O-O {[%clk 0:23:55.6]} 23... c4 {[%clk 0:18:47.1]} 24. axb5 {[%clk 0:19:27.3]} 24... axb5 {[%clk 0:18:54.3]} 25. Nxb5 {[%clk 0:18:44.4]} 25... Rab8 {[%clk 0:19:02.1]} 26. Nd4 {[%clk 0:18:32.3]} 26... Bc5 {[%clk 0:15:11.4]} 27. Rc2 {[%clk 0:14:06]} 27... Rbd8 {[%clk 0:15:18]} 28. Nf5 {[%clk 0:13:38.5]} 28... Nxf5 {[%clk 0:15:25.6]} 29. Bxc5 {[%clk 0:13:43.7]} 29... Nd4 {[%clk 0:15:34.5]} 30. Bxd4 {[%clk 0:13:08.3]} 30... Rxd4 {[%clk 0:15:42.3]} 31. Kg2 {[%clk 0:12:25]} 31... Rb8 {[%clk 0:15:27.4]} 32. Ra1 {[%clk 0:12:02.9]} 32... Nd3 {[%clk 0:15:12.6]} 33. Kg3 {[%clk 0:11:37.8]} 33... Kh7 {[%clk 0:14:46.9]} 34. Bxd3 {[%clk 0:11:11.3]} 34... Rxd3 {[%clk 0:14:12.7]} 35. Rxc4 {[%clk 0:10:26.4]} 35... Rbb3 {[%clk 0:14:19.9]} 36. Rf1 {[%clk 0:08:34.9]} 36... Rxb2 {[%clk 0:14:25.6]} 37. Re4 {[%clk 0:08:23.8]} 37... Rdd2 {[%clk 0:13:27.3]} 38. h4 {[%clk 0:07:29.1]} 38... Rg2+ {[%clk 0:13:08]} 39. Kf4 {[%clk 0:07:36.7]} 39... Rh2 {[%clk 0:13:16.9]} 40. Rxe6 {[%clk 0:07:18.6]} 40... Rxh4 {[%clk 0:13:25.7]} 41. Rfe1 {[%clk 0:06:33.9]} 41... Rh3 {[%clk 0:13:27.3]} 1/2-1/2",8/6pk/4R1p1/8/5KP1/5P1r/1r6/4R3 w - -
TheVish,Chefshouse,black,white,repetition,repetition,2751,2836,-85,0.5,rapid,English Opening Agincourt Defense,53,c2c4,False,"[Event ""Live Chess""]
[Site ""Chess.com""]
[Date ""2020.05.06""]
[Round ""-""]
[White ""Chefshouse""]
[Black ""TheVish""]
[Result ""1/2-1/2""]
[CurrentPosition ""8/8/2p1bp1k/1p1p1p1P/pP1P1P1K/P2BP3/7P/8 b - -""]
[Timezone ""UTC""]
[ECO ""A13""]
[ECOUrl ""https://www.chess.com/openings/English-Opening-Agincourt-Defense""]
[UTCDate ""2020.05.06""]
[UTCTime ""15:03:48""]
[WhiteElo ""2836""]
[BlackElo ""2751""]
[TimeControl ""1500+10""]
[Termination ""Game drawn by repetition""]
[StartTime ""15:03:48""]
[EndDate ""2020.05.06""]
[EndTime ""15:52:08""]
[Link ""https://www.chess.com/live/game/4818908912""]

1. c4 {[%clk 0:25:08]} 1... e6 {[%clk 0:25:06.1]} 2. Nc3 {[%clk 0:25:01.8]} 2... d5 {[%clk 0:25:12.8]} 3. d4 {[%clk 0:25:10.7]} 3... Nf6 {[%clk 0:25:20]} 4. cxd5 {[%clk 0:25:18.2]} 4... exd5 {[%clk 0:25:27.5]} 5. Bg5 {[%clk 0:25:25]} 5... c6 {[%clk 0:25:34.1]} 6. e3 {[%clk 0:25:32.3]} 6... Bf5 {[%clk 0:25:40.3]} 7. Qf3 {[%clk 0:25:32.8]} 7... Bg6 {[%clk 0:25:46.2]} 8. Bxf6 {[%clk 0:25:41.7]} 8... Qxf6 {[%clk 0:25:54.1]} 9. Qxf6 {[%clk 0:25:50.8]} 9... gxf6 {[%clk 0:26:02.8]} 10. Nf3 {[%clk 0:26:00.5]} 10... Nd7 {[%clk 0:26:08.1]} 11. Nh4 {[%clk 0:26:09.5]} 11... Be7 {[%clk 0:26:16]} 12. Ne2 {[%clk 0:26:18.3]} 12... f5 {[%clk 0:26:24.3]} 13. g3 {[%clk 0:26:00.8]} 13... Bxh4 {[%clk 0:26:30.5]} 14. gxh4 {[%clk 0:26:09.1]} 14... Nf6 {[%clk 0:26:35.8]} 15. Nf4 {[%clk 0:24:34.1]} 15... Nh5 {[%clk 0:26:40.9]} 16. Kd2 {[%clk 0:23:52.8]} 16... Nxf4 {[%clk 0:26:21.3]} 17. exf4 {[%clk 0:24:00.6]} 17... a5 {[%clk 0:25:42.2]} 18. Be2 {[%clk 0:20:21.9]} 18... h5 {[%clk 0:23:55.5]} 19. Rae1 {[%clk 0:20:00.1]} 19... Kd7 {[%clk 0:21:19.6]} 20. Bd3 {[%clk 0:20:07.7]} 20... Rae8 {[%clk 0:21:10.7]} 21. Re5 {[%clk 0:20:14.4]} 21... f6 {[%clk 0:20:37]} 22. Re3 {[%clk 0:19:31.5]} 22... Rxe3 {[%clk 0:20:36.6]} 23. fxe3 {[%clk 0:19:39.5]} 23... Ke6 {[%clk 0:20:22.8]} 24. Rg1 {[%clk 0:19:05.4]} 24... Bf7 {[%clk 0:20:10.9]} 25. Be2 {[%clk 0:18:03.2]} 25... Ke7 {[%clk 0:19:39.4]} 26. Kc3 {[%clk 0:17:18.1]} 26... Ra8 {[%clk 0:18:30.1]} 27. Bd3 {[%clk 0:16:43.3]} 27... Ke6 {[%clk 0:16:01.6]} 28. Rg7 {[%clk 0:13:33.8]} 28... b5 {[%clk 0:15:24.4]} 29. Be2 {[%clk 0:11:17]} 29... Rg8 {[%clk 0:12:56.9]} 30. Rxg8 {[%clk 0:11:16.8]} 30... Bxg8 {[%clk 0:13:05.3]} 31. Bxh5 {[%clk 0:11:26.5]} 31... Bf7 {[%clk 0:13:14]} 32. Bd1 {[%clk 0:11:07]} 32... Ke7 {[%clk 0:13:19.8]} 33. b4 {[%clk 0:09:08.5]} 33... a4 {[%clk 0:13:26.1]} 34. Kb2 {[%clk 0:09:14.6]} 34... Kf8 {[%clk 0:13:29]} 35. Kc3 {[%clk 0:05:25.4]} 35... Kg7 {[%clk 0:13:20.7]} 36. Kd2 {[%clk 0:05:20]} 36... Kh6 {[%clk 0:13:24.2]} 37. Ke1 {[%clk 0:05:22.5]} 37... Be8 {[%clk 0:13:29.2]} 38. a3 {[%clk 0:05:30.1]} 38... Bh5 {[%clk 0:13:20.9]} 39. Bc2 {[%clk 0:05:32.6]} 39... Bg6 {[%clk 0:13:19.2]} 40. Kf2 {[%clk 0:05:39.1]} 40... Kh5 {[%clk 0:13:20.8]} 41. Kg3 {[%clk 0:05:46.6]} 41... Kh6 {[%clk 0:13:28.5]} 42. Bd3 {[%clk 0:05:52.8]} 42... Kh5 {[%clk 0:13:33.1]} 43. Bf1 {[%clk 0:05:50]} 43... Bf7 {[%clk 0:13:33.2]} 44. Bh3 {[%clk 0:05:09.3]} 44... Be6 {[%clk 0:13:40.7]} 45. Bg2 {[%clk 0:05:09.7]} 45... Bd7 {[%clk 0:13:43.8]} 46. Bf3+ {[%clk 0:05:17.4]} 46... Kh6 {[%clk 0:13:50.6]} 47. h5 {[%clk 0:05:25.9]} 47... Be8 {[%clk 0:13:57.6]} 48. Kh4 {[%clk 0:05:32.7]} 48... Bd7 {[%clk 0:14:04.4]} 49. Be2 {[%clk 0:05:10.2]} 49... Be6 {[%clk 0:14:05]} 50. Bd3 {[%clk 0:04:57.4]} 50... Kg7 {[%clk 0:14:08.2]} 51. Bc2 {[%clk 0:04:58.9]} 51... Kh6 {[%clk 0:14:15.5]} 52. Bd3 {[%clk 0:05:08.2]} 52... Kg7 {[%clk 0:14:23.6]} 53. Bc2 {[%clk 0:05:16.5]} 53... Kh6 {[%clk 0:14:31.8]} 54. Bd3 {[%clk 0:05:25.9]} 1/2-1/2",8/8/2p1bp1k/1p1p1p1P/pP1P1P1K/P2BP3/7P/8 b - -
TheVish,lachesisQ,white,black,win,resigned,2751,2778,-27,1.0,rapid,Grunfeld Defense Exchange Variation 5.Bd2 Bg7 6.e4,16,d2d4,False,"[Event ""Live Chess""]
[Site ""Chess.com""]
[Date ""2020.05.07""]
[Round ""-""]
[White ""TheVish""]
[Black ""lachesisQ""]
[Result ""1-0""]
[CurrentPosition ""rn3rk1/pp1q1p1p/5Pp1/2p1P3/2bp4/2P2N2/P2Q2PP/R4RK1 b - -""]
[Timezone ""UTC""]
[ECO ""D85""]
[ECOUrl ""https://www.chess.com/openings/Grunfeld-Defense-Exchange-Variation-5.Bd2-Bg7-6.e4""]
[UTCDate ""2020.05.07""]
[UTCTime ""13:00:48""]
[WhiteElo ""2751""]
[BlackElo ""2778""]
[TimeControl ""1500+10""]
[Termination ""TheVish won by resignation""]
[StartTime ""13:00:48""]
[EndDate ""2020.05.07""]
[EndTime ""13:12:08""]
[Link ""https://www.chess.com/live/game/4822899298""]

1. d4 {[%clk 0:25:05.5]} 1... Nf6 {[%clk 0:25:06.3]} 2. c4 {[%clk 0:25:12.8]} 2... g6 {[%clk 0:25:14.9]} 3. Nc3 {[%clk 0:25:20.4]} 3... d5 {[%clk 0:25:23.7]} 4. cxd5 {[%clk 0:25:28.1]} 4... Nxd5 {[%clk 0:25:33.6]} 5. Bd2 {[%clk 0:25:34.7]} 5... Bg7 {[%clk 0:25:33.9]} 6. e4 {[%clk 0:25:40]} 6... Nxc3 {[%clk 0:25:39.8]} 7. Bxc3 {[%clk 0:25:46]} 7... c5 {[%clk 0:24:56.9]} 8. d5 {[%clk 0:25:49.8]} 8... Bxc3+ {[%clk 0:24:59]} 9. bxc3 {[%clk 0:25:53.6]} 9... Qd6 {[%clk 0:24:55.7]} 10. Qd2 {[%clk 0:25:49]} 10... O-O {[%clk 0:24:56.7]} 11. f4 {[%clk 0:25:48.2]} 11... e6 {[%clk 0:25:04.3]} 12. Nf3 {[%clk 0:25:40.4]} 12... exd5 {[%clk 0:25:05.1]} 13. Bc4 {[%clk 0:25:43.4]} 13... Be6 {[%clk 0:24:08.5]} 14. O-O {[%clk 0:25:18.9]} 14... d4 {[%clk 0:23:54.4]} 15. f5 {[%clk 0:24:16.4]} 15... Bxc4 {[%clk 0:23:46.3]} 16. e5 {[%clk 0:24:15.7]} 16... Qd7 {[%clk 0:23:26.2]} 17. f6 {[%clk 0:23:49.2]} 1-0",rn3rk1/pp1q1p1p/5Pp1/2p1P3/2bp4/2P2N2/P2Q2PP/R4RK1 b - -
TheVish,Hikaru,black,white,insufficient,insufficient,2751,2829,-78,0.5,rapid,English Opening Agincourt Defense,69,c2c4,False,"[Event ""Live Chess""]
[Site ""Chess.com""]
[Date ""2020.05.07""]
[Round ""-""]
[White ""Hikaru""]
[Black ""TheVish""]
[Result ""1/2-1/2""]
[CurrentPosition ""8/8/8/8/6K1/4k3/3n4/8 w - -""]
[Timezone ""UTC""]
[ECO ""A13""]
[ECOUrl ""https://www.chess.com/openings/English-Opening-Agincourt-Defense""]
[UTCDate ""2020.05.07""]
[UTCTime ""15:01:54""]
[WhiteElo ""2829""]
[BlackElo ""2751""]
[TimeControl ""1500+10""]
[Termination ""Game drawn by insufficient material""]
[StartTime ""15:01:54""]
[EndDate ""2020.05.07""]
[EndTime ""16:11:48""]
[Link ""https://www.chess.com/live/game/4823334526""]

1. c4 {[%clk 0:25:08.5]} 1... e6 {[%clk 0:24:59.3]} 2. Nc3 {[%clk 0:25:11.2]} 2... d5 {[%clk 0:25:07.4]} 3. d4 {[%clk 0:25:17.3]} 3... Nf6 {[%clk 0:25:15.6]} 4. cxd5 {[%clk 0:25:24.7]} 4... exd5 {[%clk 0:25:23.6]} 5. Bg5 {[%clk 0:25:26]} 5... c6 {[%clk 0:25:30]} 6. e3 {[%clk 0:25:35.1]} 6... Bf5 {[%clk 0:25:35.9]} 7. Qf3 {[%clk 0:25:24.4]} 7... Bg6 {[%clk 0:25:42.5]} 8. Bxf6 {[%clk 0:25:33.2]} 8... Qxf6 {[%clk 0:25:51.2]} 9. Qxf6 {[%clk 0:25:41.9]} 9... gxf6 {[%clk 0:25:59.9]} 10. Nf3 {[%clk 0:25:51.2]} 10... Nd7 {[%clk 0:26:07.5]} 11. Nh4 {[%clk 0:25:52.8]} 11... Be7 {[%clk 0:26:15.2]} 12. Be2 {[%clk 0:26:01.4]} 12... f5 {[%clk 0:26:08]} 13. Nf3 {[%clk 0:26:07.8]} 13... Nb6 {[%clk 0:25:21.6]} 14. O-O {[%clk 0:25:59.8]} 14... a5 {[%clk 0:24:38.3]} 15. Bd3 {[%clk 0:25:25.4]} 15... Bd6 {[%clk 0:23:00.2]} 16. g3 {[%clk 0:25:25.9]} 16... Ke7 {[%clk 0:21:29.7]} 17. Ne2 {[%clk 0:25:17.4]} 17... Kf6 {[%clk 0:19:45]} 18. Nf4 {[%clk 0:25:25.5]} 18... a4 {[%clk 0:19:42]} 19. Rac1 {[%clk 0:24:25.4]} 19... Nd7 {[%clk 0:18:33.1]} 20. Rc2 {[%clk 0:22:21.3]} 20... Nf8 {[%clk 0:16:32.4]} 21. Ng2 {[%clk 0:21:17.4]} 21... Ne6 {[%clk 0:16:23.5]} 22. Nfh4 {[%clk 0:20:59.9]} 22... f4 {[%clk 0:14:27.9]} 23. Bxg6 {[%clk 0:19:10.7]} 23... hxg6 {[%clk 0:14:31.9]} 24. gxf4 {[%clk 0:19:19]} 24... Rag8 {[%clk 0:11:33.1]} 25. Kh1 {[%clk 0:17:48.2]} 25... g5 {[%clk 0:10:59.9]} 26. fxg5+ {[%clk 0:17:58.1]} 26... Nxg5 {[%clk 0:11:07.2]} 27. f3 {[%clk 0:17:57.5]} 27... Ke6 {[%clk 0:09:43.4]} 28. Re2 {[%clk 0:18:00.1]} 28... Kd7 {[%clk 0:08:58.1]} 29. e4 {[%clk 0:11:29.4]} 29... Rh5 {[%clk 0:08:42.5]} 30. e5 {[%clk 0:06:19.2]} 30... Bc7 {[%clk 0:08:39.9]} 31. f4 {[%clk 0:06:21.7]} 31... Ne4 {[%clk 0:08:43.5]} 32. f5 {[%clk 0:05:56.5]} 32... Rg4 {[%clk 0:07:31]} 33. Rf3 {[%clk 0:05:36.8]} 33... Rgxh4 {[%clk 0:06:08.1]} 34. Nxh4 {[%clk 0:05:46.7]} 34... Rxh4 {[%clk 0:06:16.7]} 35. Rg2 {[%clk 0:05:54.8]} 35... Rh7 {[%clk 0:06:11.3]} 36. b3 {[%clk 0:02:14.8]} 36... c5 {[%clk 0:06:03.5]} 37. e6+ {[%clk 0:02:18.2]} 37... Ke7 {[%clk 0:05:24]} 38. dxc5 {[%clk 0:02:26]} 38... fxe6 {[%clk 0:05:27.8]} 39. fxe6 {[%clk 0:02:33.2]} 39... Kxe6 {[%clk 0:05:33.3]} 40. Rg6+ {[%clk 0:02:02.6]} 40... Ke5 {[%clk 0:05:36.2]} 41. c6 {[%clk 0:02:07.1]} 41... bxc6 {[%clk 0:05:29.1]} 42. Rxc6 {[%clk 0:02:17]} 42... Bd6 {[%clk 0:05:16.8]} 43. bxa4 {[%clk 0:02:23.3]} 43... Ra7 {[%clk 0:05:19.5]} 44. Rc2 {[%clk 0:02:27.7]} 44... Rxa4 {[%clk 0:05:19.6]} 45. h4 {[%clk 0:02:22.5]} 45... Rc4 {[%clk 0:05:21.6]} 46. Re2 {[%clk 0:02:15.9]} 46... d4 {[%clk 0:05:03.1]} 47. Kg2 {[%clk 0:02:14.4]} 47... Rc7 {[%clk 0:04:53.6]} 48. h5 {[%clk 0:01:54.3]} 48... Rh7 {[%clk 0:04:53.7]} 49. Rh3 {[%clk 0:01:56.5]} 49... Kd5 {[%clk 0:04:59.5]} 50. h6 {[%clk 0:02:02.4]} 50... Nf6 {[%clk 0:04:50.8]} 51. a4 {[%clk 0:01:55]} 51... Ng4 {[%clk 0:04:52.6]} 52. a5 {[%clk 0:02:03.9]} 52... Nxh6 {[%clk 0:04:36.8]} 53. Rh5+ {[%clk 0:01:41.5]} 53... Kc4 {[%clk 0:04:37.3]} 54. Rc2+ {[%clk 0:01:41.6]} 54... Kd3 {[%clk 0:04:39]} 55. Rc6 {[%clk 0:01:50.3]} 55... Bf4 {[%clk 0:04:45]} 56. Rf6 {[%clk 0:01:41.1]} 56... Be3 {[%clk 0:04:20.6]} 57. Kf3 {[%clk 0:01:42]} 57... Ra7 {[%clk 0:03:50.4]} 58. a6 {[%clk 0:01:38.2]} 58... Nf7 {[%clk 0:03:54.4]} 59. Rb5 {[%clk 0:01:34.3]} 59... Ng5+ {[%clk 0:04:02.1]} 60. Kg4 {[%clk 0:01:39.5]} 60... Ne4 {[%clk 0:04:05.6]} 61. Rg6 {[%clk 0:01:19]} 61... Ra8 {[%clk 0:01:56.8]} 62. Ra5 {[%clk 0:01:18.2]} 62... Ke2 {[%clk 0:01:21.2]} 63. Ra2+ {[%clk 0:01:21.5]} 63... Nd2 {[%clk 0:01:09.8]} 64. a7 {[%clk 0:01:24.4]} 64... d3 {[%clk 0:01:10]} 65. Re6 {[%clk 0:01:23.9]} 65... Kf2 {[%clk 0:01:17]} 66. Rd6 {[%clk 0:01:27.5]} 66... Rxa7 {[%clk 0:01:23.3]} 67. Rxa7 {[%clk 0:01:34.8]} 67... Bxa7 {[%clk 0:01:31.7]} 68. Rxd3 {[%clk 0:01:44.7]} 68... Be3 {[%clk 0:01:40]} 69. Rxe3 {[%clk 0:01:52.7]} 69... Kxe3 {[%clk 0:01:47.9]} 1/2-1/2",8/8/8/8/6K1/4k3/3n4/8 w - -
TheVish,TRadjabov,white,black,win,resigned,2751,2758,-7,1.0,rapid,Kings Indian Defense Bayonet Attack 9...a5 10.bxa5,36,d2d4,False,"[Event ""Live Chess""]
[Site ""Chess.com""]
[Date ""2020.05.08""]
[Round ""-""]
[White ""TheVish""]
[Black ""TRadjabov""]
[Result ""1-0""]
[CurrentPosition ""8/3RNk2/r1P4p/3pb3/2P1P3/7P/5P2/7K b - -""]
[Timezone ""UTC""]
[ECO ""E97""]
[ECOUrl ""https://www.chess.com/openings/Kings-Indian-Defense-Bayonet-Attack-9...a5-10.bxa5""]
[UTCDate ""2020.05.08""]
[UTCTime ""13:01:35""]
[WhiteElo ""2751""]
[BlackElo ""2758""]
[TimeControl ""1500+10""]
[Termination ""TheVish won by resignation""]
[StartTime ""13:01:35""]
[EndDate ""2020.05.08""]
[EndTime ""13:59:28""]
[Link ""https://www.chess.com/live/game/4827368963""]

1. d4 {[%clk 0:25:00.6]} 1... Nf6 {[%clk 0:25:08.3]} 2. c4 {[%clk 0:25:07.9]} 2... g6 {[%clk 0:25:17.3]} 3. Nc3 {[%clk 0:25:13.9]} 3... Bg7 {[%clk 0:25:26.1]} 4. e4 {[%clk 0:25:21.3]} 4... d6 {[%clk 0:25:35.4]} 5. Nf3 {[%clk 0:25:28.7]} 5... O-O {[%clk 0:25:42.4]} 6. Be2 {[%clk 0:25:36.4]} 6... e5 {[%clk 0:25:43.6]} 7. O-O {[%clk 0:25:43]} 7... Nc6 {[%clk 0:25:49.5]} 8. d5 {[%clk 0:25:50.4]} 8... Ne7 {[%clk 0:25:58]} 9. b4 {[%clk 0:25:58.1]} 9... a5 {[%clk 0:25:50.3]} 10. bxa5 {[%clk 0:26:03.1]} 10... Nh5 {[%clk 0:25:59]} 11. Nd2 {[%clk 0:25:59.4]} 11... Rxa5 {[%clk 0:25:15.7]} 12. Nb3 {[%clk 0:25:36.3]} 12... Ra8 {[%clk 0:25:16.3]} 13. Bxh5 {[%clk 0:25:43.1]} 13... gxh5 {[%clk 0:25:24.7]} 14. Qxh5 {[%clk 0:25:50.4]} 14... b6 {[%clk 0:25:20.5]} 15. a4 {[%clk 0:25:19.8]} 15... Ng6 {[%clk 0:22:05.7]} 16. a5 {[%clk 0:23:32.1]} 16... Nf4 {[%clk 0:21:31.1]} 17. Bxf4 {[%clk 0:21:09.6]} 17... exf4 {[%clk 0:21:38.5]} 18. Qf3 {[%clk 0:21:00.1]} 18... bxa5 {[%clk 0:18:04]} 19. Rxa5 {[%clk 0:20:17.5]} 19... Rxa5 {[%clk 0:17:09.6]} 20. Nxa5 {[%clk 0:20:22.4]} 20... Qg5 {[%clk 0:17:18.1]} 21. Ne2 {[%clk 0:17:44.7]} 21... Be5 {[%clk 0:16:41.2]} 22. h3 {[%clk 0:16:36.5]} 22... Bd7 {[%clk 0:15:19.3]} 23. Nb3 {[%clk 0:14:33.2]} 23... Ra8 {[%clk 0:12:44.5]} 24. Nbd4 {[%clk 0:14:27.9]} 24... Kh8 {[%clk 0:10:28.9]} 25. Rb1 {[%clk 0:12:57.8]} 25... h6 {[%clk 0:07:21.3]} 26. Kh1 {[%clk 0:12:25.4]} 26... Kh7 {[%clk 0:05:48.6]} 27. Nc6 {[%clk 0:07:53.8]} 27... Bxc6 {[%clk 0:03:21]} 28. dxc6 {[%clk 0:07:59.4]} 28... Ra2 {[%clk 0:01:43.9]} 29. g3 {[%clk 0:06:06.7]} 29... fxg3 {[%clk 0:00:33.6]} 30. Qxf7+ {[%clk 0:06:12.2]} 30... Qg7 {[%clk 0:00:42.1]} 31. Qf5+ {[%clk 0:06:11.2]} 31... Qg6 {[%clk 0:00:50.9]} 32. Nxg3 {[%clk 0:05:03]} 32... Qxf5 {[%clk 0:00:13.4]} 33. Nxf5 {[%clk 0:05:07.7]} 33... Ra6 {[%clk 0:00:13.1]} 34. Ne7 {[%clk 0:05:13.1]} 34... Kg7 {[%clk 0:00:13.9]} 35. Rb7 {[%clk 0:05:05.8]} 35... Kf7 {[%clk 0:00:14]} 36. Rxc7 {[%clk 0:04:20.6]} 36... d5 {[%clk 0:00:14.7]} 37. Rd7 {[%clk 0:04:25.9]} 1-0",8/3RNk2/r1P4p/3pb3/2P1P3/7P/5P2/7K b - -
TheVish,LyonBeast,black,white,insufficient,insufficient,2751,2860,-109,0.5,rapid,Queens Gambit Declined Queens Knight Variation 3...Nf6,59,d2d4,False,"[Event ""Live Chess""]
[Site ""Chess.com""]
[Date ""2020.05.08""]
[Round ""-""]
[White ""LyonBeast""]
[Black ""TheVish""]
[Result ""1/2-1/2""]
[CurrentPosition ""8/8/2K5/8/1k6/8/8/8 b - -""]
[Timezone ""UTC""]
[ECO ""D35""]
[ECOUrl ""https://www.chess.com/openings/Queens-Gambit-Declined-Queens-Knight-Variation-3...Nf6""]
[UTCDate ""2020.05.08""]
[UTCTime ""15:00:35""]
[WhiteElo ""2860""]
[BlackElo ""2751""]
[TimeControl ""1500+10""]
[Termination ""Game drawn by insufficient material""]
[StartTime ""15:00:35""]
[EndDate ""2020.05.08""]
[EndTime ""15:51:16""]
[Link ""https://www.chess.com/live/game/4827799611""]

1. d4 {[%clk 0:25:07.1]} 1... Nf6 {[%clk 0:25:05.5]} 2. c4 {[%clk 0:25:15.9]} 2... e6 {[%clk 0:25:14.3]} 3. Nc3 {[%clk 0:25:24.9]} 3... d5 {[%clk 0:25:20.7]} 4. cxd5 {[%clk 0:25:33.7]} 4... exd5 {[%clk 0:25:29.6]} 5. Bg5 {[%clk 0:25:42.6]} 5... c6 {[%clk 0:25:37.9]} 6. e3 {[%clk 0:25:51.9]} 6... Bf5 {[%clk 0:25:45.6]} 7. Qb3 {[%clk 0:26:00.7]} 7... Qb6 {[%clk 0:25:10.9]} 8. Bxf6 {[%clk 0:26:09]} 8... gxf6 {[%clk 0:25:18.6]} 9. Kd2 {[%clk 0:26:17.9]} 9... Nd7 {[%clk 0:25:07.9]} 10. Bd3 {[%clk 0:26:25.6]} 10... Bg6 {[%clk 0:24:24.3]} 11. Nf3 {[%clk 0:25:26.6]} 11... Qxb3 {[%clk 0:23:06.8]} 12. axb3 {[%clk 0:25:33.9]} 12... Nb6 {[%clk 0:23:15.4]} 13. Nh4 {[%clk 0:25:11.3]} 13... Kd7 {[%clk 0:22:34.6]} 14. f4 {[%clk 0:23:09.4]} 14... Bxd3 {[%clk 0:22:27.9]} 15. Kxd3 {[%clk 0:23:15]} 15... Bb4 {[%clk 0:22:35.8]} 16. Rhe1 {[%clk 0:23:01.2]} 16... Nc8 {[%clk 0:22:23]} 17. e4 {[%clk 0:23:01]} 17... dxe4+ {[%clk 0:22:14.2]} 18. Rxe4 {[%clk 0:22:41.1]} 18... Nd6 {[%clk 0:22:14.4]} 19. Re2 {[%clk 0:22:46.7]} 19... a5 {[%clk 0:22:09]} 20. Ne4 {[%clk 0:22:23.1]} 20... Nxe4 {[%clk 0:22:07.6]} 21. Rxe4 {[%clk 0:22:31.6]} 21... Rae8 {[%clk 0:22:14.6]} 22. Rxe8 {[%clk 0:22:39.9]} 22... Rxe8 {[%clk 0:22:22.7]} 23. Nf5 {[%clk 0:22:48.3]} 23... Kc7 {[%clk 0:21:42.4]} 24. Rf1 {[%clk 0:21:46.5]} 24... Kb6 {[%clk 0:20:58.9]} 25. Ne3 {[%clk 0:21:36]} 25... Rd8 {[%clk 0:21:01.8]} 26. Nc2 {[%clk 0:21:05.7]} 26... Rg8 {[%clk 0:19:10.7]} 27. Rf2 {[%clk 0:20:28.4]} 27... Kc7 {[%clk 0:18:00.9]} 28. Re2 {[%clk 0:19:48.4]} 28... Bd6 {[%clk 0:17:34.3]} 29. g3 {[%clk 0:19:55.7]} 29... Rd8 {[%clk 0:17:14.8]} 30. Ne3 {[%clk 0:19:48.6]} 30... Bc5 {[%clk 0:16:27.7]} 31. Nf5 {[%clk 0:19:54.5]} 31... Rd5 {[%clk 0:15:44.3]} 32. Ke4 {[%clk 0:15:57.9]} 32... Bf8 {[%clk 0:14:51.9]} 33. g4 {[%clk 0:16:05.5]} 33... Rd8 {[%clk 0:14:30.5]} 34. Kd3 {[%clk 0:14:45]} 34... Bd6 {[%clk 0:14:19.3]} 35. Re4 {[%clk 0:14:37.1]} 35... Rg8 {[%clk 0:14:21.2]} 36. h3 {[%clk 0:14:37.4]} 36... Rd8 {[%clk 0:14:12.5]} 37. h4 {[%clk 0:14:37.3]} 37... Rg8 {[%clk 0:12:41]} 38. Nh6 {[%clk 0:12:33.7]} 38... Rg7 {[%clk 0:10:44.2]} 39. g5 {[%clk 0:12:24]} 39... fxg5 {[%clk 0:10:32.9]} 40. fxg5 {[%clk 0:12:16.8]} 40... f6 {[%clk 0:10:03]} 41. Nf5 {[%clk 0:09:29.5]} 41... Rg6 {[%clk 0:09:39.7]} 42. Ne7 {[%clk 0:09:37.8]} 42... Bxe7 {[%clk 0:09:06.7]} 43. Rxe7+ {[%clk 0:09:45]} 43... Kd6 {[%clk 0:09:06.2]} 44. gxf6 {[%clk 0:06:49.4]} 44... Rxf6 {[%clk 0:09:09.6]} 45. Rxb7 {[%clk 0:06:49]} 45... Rh6 {[%clk 0:09:17.1]} 46. Ra7 {[%clk 0:06:57.2]} 46... Rxh4 {[%clk 0:09:24.4]} 47. Rxa5 {[%clk 0:07:06.2]} 47... Rh2 {[%clk 0:09:21.9]} 48. Kc3 {[%clk 0:07:14.2]} 48... Rh3+ {[%clk 0:09:29.2]} 49. Kc4 {[%clk 0:07:23.5]} 49... Rh2 {[%clk 0:09:37]} 50. Rf5 {[%clk 0:07:24.7]} 50... Rc2+ {[%clk 0:09:41.2]} 51. Kb4 {[%clk 0:07:33.5]} 51... Rxb2 {[%clk 0:09:49.9]} 52. Rh5 {[%clk 0:07:42.3]} 52... Rc2 {[%clk 0:09:57.6]} 53. Rxh7 {[%clk 0:07:48.7]} 53... Rc1 {[%clk 0:10:06.4]} 54. Rh5 {[%clk 0:07:55.4]} 54... Rc2 {[%clk 0:10:12.5]} 55. Rc5 {[%clk 0:07:58.9]} 55... Rxc5 {[%clk 0:10:19.5]} 56. dxc5+ {[%clk 0:08:08.5]} 56... Kd5 {[%clk 0:10:28.5]} 57. Ka5 {[%clk 0:08:16.1]} 57... Kxc5 {[%clk 0:10:37.5]} 58. b4+ {[%clk 0:08:25.2]} 58... Kc4 {[%clk 0:10:46.5]} 59. Kb6 {[%clk 0:08:34.3]} 59... Kxb4 {[%clk 0:10:55.4]} 60. Kxc6 {[%clk 0:08:43.6]} 1/2-1/2",8/8/2K5/8/1k6/8/8/8 b - -
TheVish,Viveklodha,black,white,win,checkmated,1815,1027,788,1.0,blitz,Sicilian Defense Old Sicilian Variation,16,e2e4,True,"[Event ""Live Chess""]
[Site ""Chess.com""]
[Date ""2020.06.17""]
[Round ""-""]
[White ""Viveklodha""]
[Black ""TheVish""]
[Result ""0-1""]
[CurrentPosition ""r3k2r/1b1pbpp1/p3pn1p/1p5q/3n1B2/1BN3PK/PPP2P1P/R4R2 w kq -""]
[Timezone ""UTC""]
[ECO ""B30""]
[ECOUrl ""https://www.chess.com/openings/Sicilian-Defense-Old-Sicilian-Variation""]
[UTCDate ""2020.06.17""]
[UTCTime ""14:15:51""]
[WhiteElo ""1027""]
[BlackElo ""1815""]
[TimeControl ""600""]
[Termination ""TheVish won by checkmate""]
[StartTime ""14:15:51""]
[EndDate ""2020.06.17""]
[EndTime ""14:19:15""]
[Link ""https://www.chess.com/live/game/5015476601""]

1. e4 {[%clk 0:09:53.3]} 1... c5 {[%clk 0:09:57.4]} 2. Nf3 {[%clk 0:09:47.6]} 2... Nc6 {[%clk 0:09:55.4]} 3. Bc4 {[%clk 0:09:41.6]} 3... e6 {[%clk 0:09:52.5]} 4. O-O {[%clk 0:09:36.4]} 4... Nf6 {[%clk 0:09:48.9]} 5. Nc3 {[%clk 0:09:31.3]} 5... a6 {[%clk 0:09:47.1]} 6. d3 {[%clk 0:09:28.4]} 6... b5 {[%clk 0:09:44.9]} 7. Bb3 {[%clk 0:09:23]} 7... Qc7 {[%clk 0:09:41.5]} 8. Bg5 {[%clk 0:09:05.1]} 8... Be7 {[%clk 0:09:31.1]} 9. g3 {[%clk 0:08:55.7]} 9... h6 {[%clk 0:09:28]} 10. Be3 {[%clk 0:08:47.9]} 10... Bb7 {[%clk 0:09:24.2]} 11. e5 {[%clk 0:08:42.2]} 11... Nxe5 {[%clk 0:09:21]} 12. d4 {[%clk 0:08:34.2]} 12... Nxf3+ {[%clk 0:09:18.5]} 13. Kg2 {[%clk 0:08:11.8]} 13... cxd4 {[%clk 0:09:12.7]} 14. Qxd4 {[%clk 0:07:59.5]} 14... Nxd4+ {[%clk 0:09:09.2]} 15. Kh3 {[%clk 0:07:50.1]} 15... Qe5 {[%clk 0:09:05.5]} 16. Bf4 {[%clk 0:07:41.2]} 16... Qh5# {[%clk 0:09:03.1]} 0-1",r3k2r/1b1pbpp1/p3pn1p/1p5q/3n1B2/1BN3PK/PPP2P1P/R4R2 w kq -
TheVish,ChessWarrior7197,white,black,repetition,repetition,2685,2620,65,0.5,rapid,Tarrasch Defense Two Knights Variation 5...Nc6 6.dxc5 d4 7.Na4,75,d2d4,True,"[Event ""Live Chess""]
[Site ""Chess.com""]
[Date ""2020.08.21""]
[Round ""-""]
[White ""TheVish""]
[Black ""ChessWarrior7197""]
[Result ""1/2-1/2""]
[CurrentPosition ""k7/7R/PK6/8/5P2/7p/8/7r b - -""]
[Timezone ""UTC""]
[ECO ""D32""]
[ECOUrl ""https://www.chess.com/openings/Tarrasch-Defense-Two-Knights-Variation-5...Nc6-6.dxc5-d4-7.Na4""]
[UTCDate ""2020.08.21""]
[UTCTime ""10:01:41""]
[WhiteElo ""2685""]
[BlackElo ""2620""]
[TimeControl ""900+5""]
[Termination ""Game drawn by repetition""]
[StartTime ""10:01:41""]
[EndDate ""2020.08.21""]
[EndTime ""10:43:09""]
[Link ""https://www.chess.com/live/game/5328595176""]

1. d4 {[%clk 0:14:35.6]} 1... d5 {[%clk 0:15:01.7]} 2. c4 {[%clk 0:14:39]} 2... e6 {[%clk 0:15:04.8]} 3. Nc3 {[%clk 0:14:42.2]} 3... c5 {[%clk 0:15:08.2]} 4. cxd5 {[%clk 0:14:44.8]} 4... exd5 {[%clk 0:15:10.7]} 5. Nf3 {[%clk 0:14:47.9]} 5... Nc6 {[%clk 0:15:14.6]} 6. dxc5 {[%clk 0:14:50.3]} 6... d4 {[%clk 0:15:18.4]} 7. Na4 {[%clk 0:14:53.6]} 7... Bxc5 {[%clk 0:15:22.4]} 8. Nxc5 {[%clk 0:14:57]} 8... Qa5+ {[%clk 0:15:26.5]} 9. Bd2 {[%clk 0:15:00.4]} 9... Qxc5 {[%clk 0:15:30.5]} 10. Rc1 {[%clk 0:15:04.1]} 10... Qb6 {[%clk 0:15:34.8]} 11. e3 {[%clk 0:15:08]} 11... Nf6 {[%clk 0:15:39.2]} 12. Qa4 {[%clk 0:14:48.3]} 12... dxe3 {[%clk 0:13:45.1]} 13. Bxe3 {[%clk 0:14:48.5]} 13... Qb4+ {[%clk 0:12:34.5]} 14. Qxb4 {[%clk 0:14:48.8]} 14... Nxb4 {[%clk 0:12:39.4]} 15. a3 {[%clk 0:13:11.5]} 15... Nbd5 {[%clk 0:11:42.1]} 16. Bc5 {[%clk 0:10:37.3]} 16... b6 {[%clk 0:11:29]} 17. Bd4 {[%clk 0:09:42.6]} 17... O-O {[%clk 0:11:22]} 18. Bb5 {[%clk 0:09:24.6]} 18... Bd7 {[%clk 0:08:29.7]} 19. Bxd7 {[%clk 0:09:24.5]} 19... Nxd7 {[%clk 0:08:32]} 20. O-O {[%clk 0:09:12.7]} 20... Rac8 {[%clk 0:08:17.4]} 21. Rfd1 {[%clk 0:09:07.7]} 21... f6 {[%clk 0:07:57.2]} 22. Kf1 {[%clk 0:08:54.5]} 22... Kf7 {[%clk 0:07:47.5]} 23. Bc3 {[%clk 0:08:46.3]} 23... Ke6 {[%clk 0:04:17]} 24. Nd4+ {[%clk 0:08:23.9]} 24... Kf7 {[%clk 0:04:01]} 25. Nb5 {[%clk 0:06:18.5]} 25... Rc5 {[%clk 0:03:23]} 26. Nxa7 {[%clk 0:05:21.1]} 26... Ra8 {[%clk 0:01:53.5]} 27. Nc6 {[%clk 0:04:35.9]} 27... Rxc6 {[%clk 0:00:26.3]} 28. Rxd5 {[%clk 0:04:36.4]} 28... Ra7 {[%clk 0:00:22.7]} 29. Bd2 {[%clk 0:04:35.3]} 29... Rxc1+ {[%clk 0:00:24]} 30. Bxc1 {[%clk 0:04:38.5]} 30... Ke6 {[%clk 0:00:26.2]} 31. Rd1 {[%clk 0:04:11.1]} 31... Rc7 {[%clk 0:00:26.8]} 32. Be3 {[%clk 0:03:54.2]} 32... Rc6 {[%clk 0:00:18]} 33. Ke2 {[%clk 0:03:52.1]} 33... g5 {[%clk 0:00:21.2]} 34. Rc1 {[%clk 0:03:48.8]} 34... Rd6 {[%clk 0:00:24.9]} 35. a4 {[%clk 0:03:48.8]} 35... h6 {[%clk 0:00:24.5]} 36. b4 {[%clk 0:03:51.8]} 36... f5 {[%clk 0:00:21.7]} 37. g3 {[%clk 0:03:52.2]} 37... Ne5 {[%clk 0:00:06.8]} 38. a5 {[%clk 0:03:45.7]} 38... bxa5 {[%clk 0:00:10.5]} 39. bxa5 {[%clk 0:03:46.6]} 39... Ra6 {[%clk 0:00:06]} 40. Bb6 {[%clk 0:03:40.4]} 40... Ra8 {[%clk 0:00:09.9]} 41. Rc7 {[%clk 0:03:18.6]} 41... Kd5 {[%clk 0:00:14.1]} 42. Rc5+ {[%clk 0:03:07.8]} 42... Kd6 {[%clk 0:00:14.2]} 43. f4 {[%clk 0:02:43.9]} 43... gxf4 {[%clk 0:00:18.2]} 44. gxf4 {[%clk 0:02:47]} 44... Ng6 {[%clk 0:00:23.1]} 45. Rc4 {[%clk 0:02:29.3]} 45... Kd5 {[%clk 0:00:23.5]} 46. Kd3 {[%clk 0:02:18.5]} 46... Ne7 {[%clk 0:00:07.4]} 47. Rc5+ {[%clk 0:02:13]} 47... Kd6 {[%clk 0:00:09.3]} 48. Kc4 {[%clk 0:02:06.9]} 48... Kd7 {[%clk 0:00:05.9]} 49. Kb5 {[%clk 0:01:54.7]} 49... Nc8 {[%clk 0:00:10]} 50. Rc7+ {[%clk 0:01:54.5]} 50... Ke6 {[%clk 0:00:14.2]} 51. Bc5 {[%clk 0:01:30.8]} 51... Nd6+ {[%clk 0:00:10.4]} 52. Bxd6 {[%clk 0:01:30.4]} 52... Kxd6 {[%clk 0:00:14.4]} 53. Rc6+ {[%clk 0:01:29.9]} 53... Kd5 {[%clk 0:00:18.4]} 54. a6 {[%clk 0:01:33.6]} 54... h5 {[%clk 0:00:12.2]} 55. Rc7 {[%clk 0:00:54.5]} 55... Ke4 {[%clk 0:00:12.7]} 56. Rc4+ {[%clk 0:00:57.3]} 56... Kd5 {[%clk 0:00:14.2]} 57. Ra4 {[%clk 0:00:45.2]} 57... Rb8+ {[%clk 0:00:12.4]} 58. Ka5 {[%clk 0:00:49]} 58... Kc5 {[%clk 0:00:16.4]} 59. Ra1 {[%clk 0:00:45.7]} 59... Rb5+ {[%clk 0:00:15.5]} 60. Ka4 {[%clk 0:00:48.4]} 60... Kb6 {[%clk 0:00:11.4]} 61. Rg1 {[%clk 0:00:48.4]} 61... Rb2 {[%clk 0:00:14.6]} 62. Rg6+ {[%clk 0:00:47.3]} 62... Ka7 {[%clk 0:00:18.6]} 63. Ka5 {[%clk 0:00:46.2]} 63... Ra2+ {[%clk 0:00:21.5]} 64. Kb5 {[%clk 0:00:49.7]} 64... Rb2+ {[%clk 0:00:26]} 65. Ka5 {[%clk 0:00:49.2]} 65... Rxh2 {[%clk 0:00:26]} 66. Rg7+ {[%clk 0:00:52.3]} 66... Ka8 {[%clk 0:00:30.3]} 67. Rf7 {[%clk 0:00:46.9]} 67... h4 {[%clk 0:00:32.2]} 68. Rxf5 {[%clk 0:00:49.9]} 68... h3 {[%clk 0:00:34.8]} 69. Rf8+ {[%clk 0:00:53.4]} 69... Ka7 {[%clk 0:00:38.5]} 70. Rf7+ {[%clk 0:00:57.5]} 70... Ka8 {[%clk 0:00:42.9]} 71. Rh7 {[%clk 0:01:00]} 71... Rh1 {[%clk 0:00:25.7]} 72. Kb6 {[%clk 0:01:00.5]} 72... Rb1+ {[%clk 0:00:29.3]} 73. Kc5 {[%clk 0:01:01.8]} 73... Rh1 {[%clk 0:00:32.9]} 74. Kb6 {[%clk 0:00:57.6]} 74... Rb1+ {[%clk 0:00:36.2]} 75. Kc5 {[%clk 0:01:01.5]} 75... Rh1 {[%clk 0:00:40.2]} 76. Kb6 {[%clk 0:01:05.1]} 1/2-1/2",k7/7R/PK6/8/5P2/7p/8/7r b - -
TheVish,garcho08,black,white,repetition,repetition,2533,2012,521,0.5,rapid,Queens Pawn Opening Symmetrical Variation,31,d2d4,True,"[Event ""Live Chess""]
[Site ""Chess.com""]
[Date ""2020.08.22""]
[Round ""-""]
[White ""garcho08""]
[Black ""TheVish""]
[Result ""1/2-1/2""]
[CurrentPosition ""3qrbk1/rp3ppp/2p5/3p4/P1nP4/2NNP1P1/2Q2P1P/3RR1K1 b - -""]
[Timezone ""UTC""]
[ECO ""D02""]
[ECOUrl ""https://www.chess.com/openings/Queens-Pawn-Opening-Symmetrical-Variation""]
[UTCDate ""2020.08.22""]
[UTCTime ""08:00:42""]
[WhiteElo ""2012""]
[BlackElo ""2533""]
[TimeControl ""900+5""]
[Termination ""Game drawn by repetition""]
[StartTime ""08:00:42""]
[EndDate ""2020.08.22""]
[EndTime ""08:20:34""]
[Link ""https://www.chess.com/live/game/5333021440""]

1. d4 {[%clk 0:15:02.6]} 1... Nf6 {[%clk 0:14:56.3]} 2. Nf3 {[%clk 0:14:55.1]} 2... d5 {[%clk 0:14:59]} 3. c4 {[%clk 0:14:58.5]} 3... e6 {[%clk 0:15:02.1]} 4. cxd5 {[%clk 0:15:00.9]} 4... exd5 {[%clk 0:15:05.2]} 5. Nc3 {[%clk 0:15:04.1]} 5... c6 {[%clk 0:15:06]} 6. Bg5 {[%clk 0:15:02.2]} 6... Be7 {[%clk 0:15:01.1]} 7. e3 {[%clk 0:15:04.5]} 7... Bf5 {[%clk 0:15:04]} 8. Bxf6 {[%clk 0:15:01]} 8... Bxf6 {[%clk 0:15:06.9]} 9. Bd3 {[%clk 0:15:05]} 9... Bxd3 {[%clk 0:15:00.5]} 10. Qxd3 {[%clk 0:14:49.3]} 10... a5 {[%clk 0:14:59.7]} 11. O-O {[%clk 0:14:49.9]} 11... O-O {[%clk 0:15:01.6]} 12. Qc2 {[%clk 0:14:33.6]} 12... Nd7 {[%clk 0:15:01]} 13. a3 {[%clk 0:14:34.4]} 13... Be7 {[%clk 0:14:46.5]} 14. Rab1 {[%clk 0:14:30.5]} 14... Re8 {[%clk 0:14:32.9]} 15. Rfc1 {[%clk 0:14:00.6]} 15... Nb6 {[%clk 0:14:00.4]} 16. Nd2 {[%clk 0:11:26.3]} 16... a4 {[%clk 0:13:28.5]} 17. Re1 {[%clk 0:10:18.1]} 17... Bf8 {[%clk 0:13:04.7]} 18. b3 {[%clk 0:08:39.7]} 18... axb3 {[%clk 0:13:03.5]} 19. Qxb3 {[%clk 0:08:42.4]} 19... Ra6 {[%clk 0:12:24.9]} 20. a4 {[%clk 0:08:44.8]} 20... Re7 {[%clk 0:12:21.9]} 21. Qc2 {[%clk 0:07:42.9]} 21... Nc8 {[%clk 0:11:53.8]} 22. Nb3 {[%clk 0:07:27.7]} 22... Nd6 {[%clk 0:11:50.8]} 23. Nc5 {[%clk 0:07:23]} 23... Ra7 {[%clk 0:11:33.8]} 24. Nd3 {[%clk 0:07:11.1]} 24... Nc4 {[%clk 0:11:12.2]} 25. Rbc1 {[%clk 0:06:52.4]} 25... Re8 {[%clk 0:11:02.2]} 26. g3 {[%clk 0:06:36.8]} 26... Ba3 {[%clk 0:10:17.2]} 27. Ra1 {[%clk 0:06:28.3]} 27... Bf8 {[%clk 0:10:01.1]} 28. Rad1 {[%clk 0:05:58.5]} 28... Nd6 {[%clk 0:09:57.8]} 29. Rb1 {[%clk 0:05:56.7]} 29... Nc4 {[%clk 0:09:56.1]} 30. Rbd1 {[%clk 0:06:00]} 30... Nd6 {[%clk 0:09:31.8]} 31. Rb1 {[%clk 0:06:02.6]} 31... Nc4 {[%clk 0:09:34.2]} 32. Rbd1 {[%clk 0:06:05]} 1/2-1/2",3qrbk1/rp3ppp/2p5/3p4/P1nP4/2NNP1P1/2Q2P1P/3RR1K1 b - -
TheVish,Parhamov,white,black,timeout,win,2329,2369,-40,0.0,rapid,Sicilian Defense Open Lowenthal Kalashnikov Variation 6.c4,35,e2e4,True,"[Event ""Live Chess""]
[Site ""Chess.com""]
[Date ""2020.08.22""]
[Round ""-""]
[White ""TheVish""]
[Black ""Parhamov""]
[Result ""0-1""]
[CurrentPosition ""q5k1/5p1p/4r1p1/2B5/1P1b4/1Q1p4/P2R2nP/2R4K w - -""]
[Timezone ""UTC""]
[ECO ""B32""]
[ECOUrl ""https://www.chess.com/openings/Sicilian-Defense-Open-Lowenthal-Kalashnikov-Variation-6.c4""]
[UTCDate ""2020.08.22""]
[UTCTime ""09:02:07""]
[WhiteElo ""2329""]
[BlackElo ""2369""]
[TimeControl ""900+5""]
[Termination ""Parhamov won on time""]
[StartTime ""09:02:07""]
[EndDate ""2020.08.22""]
[EndTime ""09:37:35""]
[Link ""https://www.chess.com/live/game/5333196126""]

1. e4 {[%clk 0:15:03.8]} 1... c5 {[%clk 0:15:03.6]} 2. Nf3 {[%clk 0:15:06.7]} 2... Nc6 {[%clk 0:15:08.1]} 3. d4 {[%clk 0:15:02.5]} 3... cxd4 {[%clk 0:15:12]} 4. Nxd4 {[%clk 0:15:05.9]} 4... e5 {[%clk 0:15:16.4]} 5. Nb5 {[%clk 0:15:08.5]} 5... d6 {[%clk 0:15:20.6]} 6. c4 {[%clk 0:14:59.9]} 6... Be6 {[%clk 0:15:15.8]} 7. N1c3 {[%clk 0:15:01.2]} 7... a6 {[%clk 0:15:00.8]} 8. Na3 {[%clk 0:15:04.2]} 8... g6 {[%clk 0:15:04.7]} 9. Nc2 {[%clk 0:15:00.2]} 9... Bg7 {[%clk 0:14:46.2]} 10. Be3 {[%clk 0:14:51.7]} 10... Nf6 {[%clk 0:14:46.6]} 11. Be2 {[%clk 0:14:50.6]} 11... Rc8 {[%clk 0:14:08.9]} 12. b3 {[%clk 0:13:57.8]} 12... O-O {[%clk 0:13:21.8]} 13. O-O {[%clk 0:13:12.1]} 13... b5 {[%clk 0:09:41.2]} 14. cxb5 {[%clk 0:12:18.4]} 14... Ne7 {[%clk 0:09:44.2]} 15. Bd2 {[%clk 0:11:49.7]} 15... axb5 {[%clk 0:09:46.2]} 16. Bxb5 {[%clk 0:11:32.2]} 16... Qb6 {[%clk 0:08:49.8]} 17. Na3 {[%clk 0:09:58.4]} 17... Rxc3 {[%clk 0:08:00.8]} 18. Bxc3 {[%clk 0:09:51.8]} 18... Nxe4 {[%clk 0:08:04.9]} 19. Bb2 {[%clk 0:09:31.3]} 19... d5 {[%clk 0:08:07]} 20. Be2 {[%clk 0:09:31]} 20... d4 {[%clk 0:05:27.3]} 21. Nc4 {[%clk 0:09:28.5]} 21... Bxc4 {[%clk 0:05:29.9]} 22. Bxc4 {[%clk 0:09:25.3]} 22... Nd6 {[%clk 0:05:32.7]} 23. Ba3 {[%clk 0:08:52.9]} 23... Nef5 {[%clk 0:04:35.5]} 24. Rc1 {[%clk 0:08:42.4]} 24... e4 {[%clk 0:04:24.1]} 25. Bc5 {[%clk 0:08:26.7]} 25... Qd8 {[%clk 0:04:26]} 26. Re1 {[%clk 0:07:56.9]} 26... Re8 {[%clk 0:04:28.4]} 27. b4 {[%clk 0:07:04.5]} 27... Nxc4 {[%clk 0:02:21.9]} 28. Rxc4 {[%clk 0:07:05.2]} 28... e3 {[%clk 0:02:26.3]} 29. fxe3 {[%clk 0:05:35]} 29... Nxe3 {[%clk 0:02:29.2]} 30. Qa4 {[%clk 0:05:30.6]} 30... Re6 {[%clk 0:01:59.7]} 31. Rcc1 {[%clk 0:04:31.4]} 31... Qd5 {[%clk 0:00:55.3]} 32. Re2 {[%clk 0:03:38.8]} 32... d3 {[%clk 0:00:58.6]} 33. Rd2 {[%clk 0:02:22.1]} 33... Bd4 {[%clk 0:00:41.4]} 34. Kh1 {[%clk 0:00:42.4]} 34... Nxg2 {[%clk 0:00:37.2]} 35. Qb3 {[%clk 0:00:20.7]} 35... Qa8 {[%clk 0:00:39.5]} 0-1",q5k1/5p1p/4r1p1/2B5/1P1b4/1Q1p4/P2R2nP/2R4K w - -
TheVish,GMSrinath,white,black,abandoned,win,2620,2848,-228,0.0,blitz,Indian Game,9,d2d4,True,"[Event ""Live Chess""]
[Site ""Chess.com""]
[Date ""2020.08.22""]
[Round ""-""]
[White ""TheVish""]
[Black ""GMSrinath""]
[Result ""0-1""]
[CurrentPosition ""r3kb1r/pp3ppp/nq2pn2/1N1p3b/P2P1BP1/5N1P/1PP2P2/R2QKB1R b KQkq g3""]
[Timezone ""UTC""]
[ECO ""A45""]
[ECOUrl ""https://www.chess.com/openings/Indian-Game""]
[UTCDate ""2020.08.22""]
[UTCTime ""15:54:41""]
[WhiteElo ""2620""]
[BlackElo ""2848""]
[TimeControl ""600""]
[Termination ""GMSrinath won - game abandoned""]
[StartTime ""15:54:41""]
[EndDate ""2020.08.22""]
[EndTime ""15:58:41""]
[Link ""https://www.chess.com/live/game/5334683424""]

1. d4 {[%clk 0:09:59.4]} 1... Nf6 {[%clk 0:09:58.3]} 2. Bf4 {[%clk 0:09:56.7]} 2... d5 {[%clk 0:09:56.3]} 3. Nf3 {[%clk 0:09:55.6]} 3... c5 {[%clk 0:09:52.7]} 4. e3 {[%clk 0:09:54.6]} 4... Qb6 {[%clk 0:09:49.4]} 5. Nc3 {[%clk 0:09:53.2]} 5... cxd4 {[%clk 0:09:44.3]} 6. Nb5 {[%clk 0:09:44.5]} 6... Na6 {[%clk 0:09:42.3]} 7. exd4 {[%clk 0:09:41.7]} 7... Bg4 {[%clk 0:09:39.7]} 8. a4 {[%clk 0:09:34.5]} 8... e6 {[%clk 0:09:34.3]} 9. h3 {[%clk 0:09:32.9]} 9... Bh5 {[%clk 0:09:31.4]} 10. g4 {[%clk 0:09:01]} 0-1",r3kb1r/pp3ppp/nq2pn2/1N1p3b/P2P1BP1/5N1P/1PP2P2/R2QKB1R b KQkq g3
TheVish,GM_Levan_Pantsulaia,white,black,repetition,repetition,2344,2380,-36,0.5,rapid,Caro Kann Defense 2.Nf3 d5,19,e2e4,True,"[Event ""Live Chess""]
[Site ""Chess.com""]
[Date ""2020.08.23""]
[Round ""-""]
[White ""TheVish""]
[Black ""GM_Levan_Pantsulaia""]
[Result ""1/2-1/2""]
[CurrentPosition ""2rq1rk1/pp1n2p1/2p1Q1np/3p4/3P4/2P2N2/PP3PPK/R1B1R3 b - -""]
[Timezone ""UTC""]
[ECO ""B10""]
[ECOUrl ""https://www.chess.com/openings/Caro-Kann-Defense-2.Nf3-d5""]
[UTCDate ""2020.08.23""]
[UTCTime ""08:01:11""]
[WhiteElo ""2344""]
[BlackElo ""2380""]
[TimeControl ""900+5""]
[Termination ""Game drawn by repetition""]
[StartTime ""08:01:11""]
[EndDate ""2020.08.23""]
[EndTime ""08:21:42""]
[Link ""https://www.chess.com/live/game/5337739298""]

1. e4 {[%clk 0:15:01.5]} 1... c6 {[%clk 0:14:58]} 2. Nf3 {[%clk 0:14:57.9]} 2... d5 {[%clk 0:15:01.9]} 3. d3 {[%clk 0:15:01.6]} 3... Bg4 {[%clk 0:14:33.7]} 4. Nbd2 {[%clk 0:14:47.3]} 4... Nd7 {[%clk 0:14:22]} 5. Be2 {[%clk 0:14:33.1]} 5... e6 {[%clk 0:14:00.3]} 6. O-O {[%clk 0:14:28.1]} 6... Bd6 {[%clk 0:14:01.3]} 7. c3 {[%clk 0:13:55.9]} 7... Ne7 {[%clk 0:13:40.6]} 8. d4 {[%clk 0:13:37.3]} 8... O-O {[%clk 0:13:40.2]} 9. Re1 {[%clk 0:13:37.6]} 9... Rc8 {[%clk 0:13:21.4]} 10. Ng5 {[%clk 0:11:59.1]} 10... Bxe2 {[%clk 0:13:16.5]} 11. Qxe2 {[%clk 0:12:01.6]} 11... Ng6 {[%clk 0:12:43.9]} 12. Ndf3 {[%clk 0:10:20.5]} 12... h6 {[%clk 0:12:15.4]} 13. exd5 {[%clk 0:09:43]} 13... exd5 {[%clk 0:11:07.9]} 14. Ne6 {[%clk 0:09:40]} 14... Bxh2+ {[%clk 0:10:44.9]} 15. Kxh2 {[%clk 0:09:31.8]} 15... fxe6 {[%clk 0:10:48.7]} 16. Qxe6+ {[%clk 0:09:34.4]} 16... Kh7 {[%clk 0:10:52.7]} 17. Qh3 {[%clk 0:08:16.6]} 17... Kg8 {[%clk 0:09:18.9]} 18. Qe6+ {[%clk 0:05:13.1]} 18... Kh7 {[%clk 0:09:20.7]} 19. Qh3 {[%clk 0:05:15.5]} 19... Kg8 {[%clk 0:09:20.2]} 20. Qe6+ {[%clk 0:03:34.2]} 1/2-1/2",2rq1rk1/pp1n2p1/2p1Q1np/3p4/3P4/2P2N2/PP3PPK/R1B1R3 b - -
TheVish,ArmenianLion,white,black,insufficient,insufficient,2421,2754,-333,0.5,rapid,Petrovs Defense Classical Attack Marshall Variation Staunton Variation,54,e2e4,True,"[Event ""Live Chess""]
[Site ""Chess.com""]
[Date ""2020.08.28""]
[Round ""-""]
[White ""TheVish""]
[Black ""ArmenianLion""]
[Result ""1/2-1/2""]
[CurrentPosition ""8/5k2/8/8/6K1/8/8/8 w - -""]
[Timezone ""UTC""]
[ECO ""C42""]
[ECOUrl ""https://www.chess.com/openings/Petrovs-Defense-Classical-Attack-Marshall-Variation-Staunton-Variation""]
[UTCDate ""2020.08.28""]
[UTCTime ""11:00:02""]
[WhiteElo ""2421""]
[BlackElo ""2754""]
[TimeControl ""900+5""]
[Termination ""Game drawn by insufficient material""]
[StartTime ""11:00:02""]
[EndDate ""2020.08.28""]
[EndTime ""11:28:40""]
[Link ""https://www.chess.com/live/game/5362542627""]

1. e4 {[%clk 0:15:03]} 1... e5 {[%clk 0:15:00.5]} 2. Nf3 {[%clk 0:15:05.2]} 2... Nf6 {[%clk 0:15:02.3]} 3. Nxe5 {[%clk 0:15:06.9]} 3... d6 {[%clk 0:15:06.2]} 4. Nf3 {[%clk 0:15:08.6]} 4... Nxe4 {[%clk 0:15:10.2]} 5. d4 {[%clk 0:15:10.6]} 5... d5 {[%clk 0:15:13.4]} 6. Bd3 {[%clk 0:15:13.4]} 6... Bd6 {[%clk 0:15:17]} 7. O-O {[%clk 0:15:16.3]} 7... O-O {[%clk 0:15:20.8]} 8. c4 {[%clk 0:15:19.7]} 8... c6 {[%clk 0:15:24.4]} 9. Qc2 {[%clk 0:15:20.7]} 9... h6 {[%clk 0:15:28.1]} 10. Re1 {[%clk 0:15:12.7]} 10... Be6 {[%clk 0:14:06.4]} 11. cxd5 {[%clk 0:15:10.9]} 11... cxd5 {[%clk 0:14:10.2]} 12. Bxe4 {[%clk 0:15:12.8]} 12... dxe4 {[%clk 0:14:13.7]} 13. Qxe4 {[%clk 0:15:16.3]} 13... Bd5 {[%clk 0:14:05.7]} 14. Qg4 {[%clk 0:15:16.5]} 14... Qd7 {[%clk 0:14:01.5]} 15. Qxd7 {[%clk 0:15:17.4]} 15... Nxd7 {[%clk 0:14:04.7]} 16. Nc3 {[%clk 0:15:20.8]} 16... Bxf3 {[%clk 0:14:06]} 17. gxf3 {[%clk 0:15:23.9]} 17... Bb4 {[%clk 0:13:50]} 18. Kf1 {[%clk 0:14:32.4]} 18... Nb6 {[%clk 0:13:38.2]} 19. Be3 {[%clk 0:13:45.5]} 19... Rac8 {[%clk 0:12:19.9]} 20. Rec1 {[%clk 0:13:16.4]} 20... Bxc3 {[%clk 0:12:21.6]} 21. Rxc3 {[%clk 0:11:18.7]} 21... Nd5 {[%clk 0:11:57.6]} 22. Rc5 {[%clk 0:10:11.9]} 22... Rcd8 {[%clk 0:12:00.8]} 23. Rac1 {[%clk 0:09:37.5]} 23... Rfe8 {[%clk 0:12:03.7]} 24. Ke2 {[%clk 0:08:47.8]} 24... Kh7 {[%clk 0:12:05.1]} 25. a3 {[%clk 0:08:08.4]} 25... Nf4+ {[%clk 0:11:00.2]} 26. Kd2 {[%clk 0:08:07.8]} 26... Ne6 {[%clk 0:11:03.9]} 27. R5c4 {[%clk 0:08:02.8]} 27... b5 {[%clk 0:09:55.6]} 28. R4c3 {[%clk 0:06:46.8]} 28... Nxd4 {[%clk 0:09:30.5]} 29. Bxd4 {[%clk 0:06:48.9]} 29... Rxd4+ {[%clk 0:09:34.8]} 30. Rd3 {[%clk 0:06:52.9]} 30... Rh4 {[%clk 0:09:31.7]} 31. Re3 {[%clk 0:06:22.8]} 31... Rd8+ {[%clk 0:09:18]} 32. Ke2 {[%clk 0:06:25.6]} 32... Rd7 {[%clk 0:09:14.4]} 33. Rc5 {[%clk 0:05:46.2]} 33... a6 {[%clk 0:08:05.5]} 34. Rc6 {[%clk 0:05:35.4]} 34... Ra7 {[%clk 0:07:36.2]} 35. Rec3 {[%clk 0:05:15.3]} 35... Rxh2 {[%clk 0:06:58.1]} 36. Rc7 {[%clk 0:05:18]} 36... Rxc7 {[%clk 0:06:58.9]} 37. Rxc7 {[%clk 0:05:21.4]} 37... Rh1 {[%clk 0:06:55.5]} 38. Rxf7 {[%clk 0:05:14.9]} 38... Rb1 {[%clk 0:06:57.7]} 39. Ra7 {[%clk 0:05:17.7]} 39... Rxb2+ {[%clk 0:06:54.4]} 40. Kf1 {[%clk 0:05:20.8]} 40... Rb3 {[%clk 0:06:45.1]} 41. Rxa6 {[%clk 0:05:24.3]} 41... Rxf3 {[%clk 0:06:49]} 42. a4 {[%clk 0:05:23]} 42... bxa4 {[%clk 0:06:48.9]} 43. Rxa4 {[%clk 0:05:26.1]} 43... g5 {[%clk 0:06:52.5]} 44. Kg2 {[%clk 0:05:28.7]} 44... Rf6 {[%clk 0:06:55.8]} 45. Kg3 {[%clk 0:04:58]} 45... h5 {[%clk 0:06:56.9]} 46. f4 {[%clk 0:04:51.4]} 46... g4 {[%clk 0:06:59]} 47. Ra5 {[%clk 0:04:53.5]} 47... Rh6 {[%clk 0:07:00]} 48. Kh4 {[%clk 0:04:18.6]} 48... Kg6 {[%clk 0:06:38.8]} 49. Ra6+ {[%clk 0:04:18.4]} 49... Kg7 {[%clk 0:06:42]} 50. Ra7+ {[%clk 0:04:20.4]} 50... Kf8 {[%clk 0:06:40]} 51. f5 {[%clk 0:04:15.1]} 51... Rf6 {[%clk 0:06:22.6]} 52. Kxh5 {[%clk 0:04:12.3]} 52... Rxf5+ {[%clk 0:06:23.3]} 53. Kxg4 {[%clk 0:04:15.3]} 53... Rf7 {[%clk 0:06:27.3]} 54. Rxf7+ {[%clk 0:04:17.7]} 54... Kxf7 {[%clk 0:06:32.2]} 1/2-1/2",8/5k2/8/8/6K1/8/8/8 w - -
TheVish,Polish_fighter3000,white,black,resigned,win,2410,2947,-537,0.0,rapid,Sicilian Defense Open Najdorf Variation 6.a4,78,e2e4,True,"[Event ""Live Chess""]
[Site ""Chess.com""]
[Date ""2020.08.29""]
[Round ""-""]
[White ""TheVish""]
[Black ""Polish_fighter3000""]
[Result ""0-1""]
[CurrentPosition ""8/8/3pRp2/6p1/4P1Pp/5rkP/8/4K3 w - -""]
[Timezone ""UTC""]
[ECO ""B90""]
[ECOUrl ""https://www.chess.com/openings/Sicilian-Defense-Open-Najdorf-Variation-6.a4""]
[UTCDate ""2020.08.29""]
[UTCTime ""09:02:29""]
[WhiteElo ""2410""]
[BlackElo ""2947""]
[TimeControl ""900+5""]
[Termination ""Polish_fighter3000 won by resignation""]
[StartTime ""09:02:29""]
[EndDate ""2020.08.29""]
[EndTime ""09:44:12""]
[Link ""https://www.chess.com/live/game/5367028602""]

1. e4 {[%clk 0:15:03]} 1... c5 {[%clk 0:15:02.8]} 2. Nf3 {[%clk 0:15:05.8]} 2... d6 {[%clk 0:15:07.4]} 3. d4 {[%clk 0:15:09]} 3... cxd4 {[%clk 0:15:12.3]} 4. Nxd4 {[%clk 0:15:12.7]} 4... Nf6 {[%clk 0:15:15.3]} 5. Nc3 {[%clk 0:15:15.9]} 5... a6 {[%clk 0:15:19.8]} 6. a4 {[%clk 0:15:18.6]} 6... g6 {[%clk 0:15:14.5]} 7. Be2 {[%clk 0:15:15.2]} 7... Bg7 {[%clk 0:15:18.6]} 8. O-O {[%clk 0:15:17]} 8... O-O {[%clk 0:15:21.8]} 9. Be3 {[%clk 0:15:19.6]} 9... Nc6 {[%clk 0:14:59.5]} 10. Qd2 {[%clk 0:15:11.9]} 10... Ng4 {[%clk 0:12:25.6]} 11. Bxg4 {[%clk 0:14:39.3]} 11... Bxg4 {[%clk 0:12:30.5]} 12. f3 {[%clk 0:13:30.4]} 12... Be6 {[%clk 0:12:17.1]} 13. Rfd1 {[%clk 0:11:40.4]} 13... Nxd4 {[%clk 0:10:53.1]} 14. Bxd4 {[%clk 0:11:41.4]} 14... Bxd4+ {[%clk 0:10:58]} 15. Qxd4 {[%clk 0:11:43.7]} 15... Rc8 {[%clk 0:11:02.9]} 16. Rd2 {[%clk 0:09:46.2]} 16... Rc4 {[%clk 0:10:51]} 17. Qf2 {[%clk 0:07:39.1]} 17... Qa5 {[%clk 0:10:09]} 18. Nd5 {[%clk 0:07:26.4]} 18... Bxd5 {[%clk 0:09:38.5]} 19. Rxd5 {[%clk 0:07:19.1]} 19... b5 {[%clk 0:08:20.8]} 20. b3 {[%clk 0:06:49.3]} 20... Rc3 {[%clk 0:06:44]} 21. Rdd1 {[%clk 0:04:38.1]} 21... b4 {[%clk 0:05:50.8]} 22. Rd2 {[%clk 0:04:38.4]} 22... Rfc8 {[%clk 0:05:52.8]} 23. Re1 {[%clk 0:04:41.7]} 23... R8c5 {[%clk 0:04:22.9]} 24. h3 {[%clk 0:04:39.2]} 24... Qc7 {[%clk 0:04:16.6]} 25. Ree2 {[%clk 0:04:42]} 25... a5 {[%clk 0:04:04.8]} 26. Kh1 {[%clk 0:04:44]} 26... Qc8 {[%clk 0:03:56.8]} 27. Kg1 {[%clk 0:04:47.1]} 27... Qe6 {[%clk 0:04:01.1]} 28. Kh1 {[%clk 0:04:49.5]} 28... h5 {[%clk 0:04:05]} 29. Kg1 {[%clk 0:04:40.4]} 29... Qf6 {[%clk 0:03:58.8]} 30. Re3 {[%clk 0:04:06.3]} 30... Qf4 {[%clk 0:03:29.8]} 31. Rxc3 {[%clk 0:04:06.8]} 31... Rxc3 {[%clk 0:03:34.7]} 32. Rd1 {[%clk 0:04:07.7]} 32... Rc5 {[%clk 0:03:06.9]} 33. Rd2 {[%clk 0:03:53.6]} 33... g5 {[%clk 0:03:08.3]} 34. Re2 {[%clk 0:03:46.1]} 34... Kg7 {[%clk 0:02:55]} 35. Qd4+ {[%clk 0:03:43.6]} 35... f6 {[%clk 0:02:57.1]} 36. Qd2 {[%clk 0:03:36.4]} 36... Qg3 {[%clk 0:02:53.9]} 37. Qe3 {[%clk 0:03:11.5]} 37... Qe5 {[%clk 0:02:38.5]} 38. Qf2 {[%clk 0:03:07.3]} 38... Qf4 {[%clk 0:02:38.8]} 39. g3 {[%clk 0:03:03.5]} 39... Qc1+ {[%clk 0:02:37.2]} 40. Kg2 {[%clk 0:03:06.8]} 40... Kf7 {[%clk 0:02:37.6]} 41. Rd2 {[%clk 0:03:07.9]} 41... Qa1 {[%clk 0:01:52.7]} 42. Qe2 {[%clk 0:02:58.8]} 42... Qe5 {[%clk 0:01:53.7]} 43. Qf2 {[%clk 0:03:01]} 43... Qc3 {[%clk 0:01:55.3]} 44. Re2 {[%clk 0:02:54.5]} 44... Re5 {[%clk 0:01:43.1]} 45. Re3 {[%clk 0:02:46.2]} 45... Qc6 {[%clk 0:01:45.9]} 46. g4 {[%clk 0:02:45.8]} 46... h4 {[%clk 0:01:33]} 47. Re2 {[%clk 0:02:45.4]} 47... Rc5 {[%clk 0:01:08.2]} 48. Rd2 {[%clk 0:02:49.2]} 48... Rc3 {[%clk 0:01:11.1]} 49. Qe2 {[%clk 0:02:46.6]} 49... Qc5 {[%clk 0:01:14.8]} 50. Qf2 {[%clk 0:02:35.3]} 50... Ke6 {[%clk 0:01:09.6]} 51. Qe2 {[%clk 0:02:29.5]} 51... Qe5 {[%clk 0:00:58]} 52. Qf2 {[%clk 0:02:33]} 52... Qf4 {[%clk 0:01:02.3]} 53. Rd1 {[%clk 0:02:09.7]} 53... Kf7 {[%clk 0:00:45.1]} 54. Rf1 {[%clk 0:01:55.7]} 54... Qe3 {[%clk 0:00:21.1]} 55. Qxe3 {[%clk 0:01:49.4]} 55... Rxe3 {[%clk 0:00:26]} 56. Rf2 {[%clk 0:01:52.9]} 56... Ke6 {[%clk 0:00:21.6]} 57. Rd2 {[%clk 0:01:56.3]} 57... Rc3 {[%clk 0:00:25.5]} 58. Kf2 {[%clk 0:01:46.3]} 58... Rc5 {[%clk 0:00:29.7]} 59. Ke3 {[%clk 0:01:39.1]} 59... Ke5 {[%clk 0:00:33.7]} 60. Rd3 {[%clk 0:01:11.5]} 60... Rxc2 {[%clk 0:00:31.2]} 61. Rd5+ {[%clk 0:01:14.7]} 61... Ke6 {[%clk 0:00:35.7]} 62. Rxa5 {[%clk 0:01:18.5]} 62... Rc3+ {[%clk 0:00:37.4]} 63. Kf2 {[%clk 0:01:21.2]} 63... Rxb3 {[%clk 0:00:42.3]} 64. Rb5 {[%clk 0:01:22.7]} 64... Kd7 {[%clk 0:00:15.4]} 65. Rb6 {[%clk 0:01:21.5]} 65... Kc7 {[%clk 0:00:09.7]} 66. a5 {[%clk 0:01:24.7]} 66... Ra3 {[%clk 0:00:11.8]} 67. Rxb4 {[%clk 0:01:27.6]} 67... Rxa5 {[%clk 0:00:16.1]} 68. Rb2 {[%clk 0:01:26.7]} 68... Kd7 {[%clk 0:00:18.2]} 69. Rb7+ {[%clk 0:01:25.2]} 69... Ke6 {[%clk 0:00:21.2]} 70. Rc7 {[%clk 0:01:17.2]} 70... Ra2+ {[%clk 0:00:20.2]} 71. Kg1 {[%clk 0:01:20.7]} 71... Rb2 {[%clk 0:00:08.3]} 72. Ra7 {[%clk 0:01:23.2]} 72... Rc2 {[%clk 0:00:10.1]} 73. Rb7 {[%clk 0:01:26.5]} 73... Ra2 {[%clk 0:00:14.3]} 74. Rc7 {[%clk 0:01:30]} 74... Ke5 {[%clk 0:00:09.4]} 75. Rxe7+ {[%clk 0:01:33]} 75... Kf4 {[%clk 0:00:13.9]} 76. Re6 {[%clk 0:01:34.6]} 76... Kg3 {[%clk 0:00:17.2]} 77. Kf1 {[%clk 0:01:35.5]} 77... Rf2+ {[%clk 0:00:17.1]} 78. Ke1 {[%clk 0:01:37.7]} 78... Rxf3 {[%clk 0:00:21.6]} 0-1",8/8/3pRp2/6p1/4P1Pp/5rkP/8/4K3 w - -
TheVish,Polish_fighter3000,black,white,win,resigned,2568,2854,-286,1.0,rapid,Nimzo Indian Defense Bishop Attack Classical Defense 6.Nf3,69,d2d4,True,"[Event ""Live Chess""]
[Site ""Chess.com""]
[Date ""2020.08.29""]
[Round ""-""]
[White ""Polish_fighter3000""]
[Black ""TheVish""]
[Result ""0-1""]
[CurrentPosition ""8/8/8/1p6/1R6/Pb2K3/kBp5/3r4 w - -""]
[Timezone ""UTC""]
[ECO ""E48""]
[ECOUrl ""https://www.chess.com/openings/Nimzo-Indian-Defense-Bishop-Attack-Classical-Defense-6.Nf3""]
[UTCDate ""2020.08.29""]
[UTCTime ""10:00:13""]
[WhiteElo ""2854""]
[BlackElo ""2568""]
[TimeControl ""900+5""]
[Termination ""TheVish won by resignation""]
[StartTime ""10:00:13""]
[EndDate ""2020.08.29""]
[EndTime ""10:41:17""]
[Link ""https://www.chess.com/live/game/5367202752""]

1. d4 {[%clk 0:15:04.1]} 1... Nf6 {[%clk 0:15:03]} 2. c4 {[%clk 0:15:07.6]} 2... e6 {[%clk 0:15:06.7]} 3. Nc3 {[%clk 0:15:12.2]} 3... Bb4 {[%clk 0:15:09.8]} 4. e3 {[%clk 0:15:16.8]} 4... O-O {[%clk 0:15:12.8]} 5. Bd3 {[%clk 0:15:19.3]} 5... d5 {[%clk 0:15:16.2]} 6. Nf3 {[%clk 0:15:19.5]} 6... dxc4 {[%clk 0:15:19]} 7. Bxc4 {[%clk 0:15:22]} 7... c5 {[%clk 0:15:21.6]} 8. a3 {[%clk 0:14:50.2]} 8... Bxc3+ {[%clk 0:15:20.9]} 9. bxc3 {[%clk 0:14:55.1]} 9... Qc7 {[%clk 0:15:24.6]} 10. Be2 {[%clk 0:13:54.7]} 10... b6 {[%clk 0:15:21.9]} 11. O-O {[%clk 0:13:56.4]} 11... Bb7 {[%clk 0:14:28]} 12. Ne5 {[%clk 0:12:49.8]} 12... Nc6 {[%clk 0:13:42.1]} 13. Nxc6 {[%clk 0:11:03.2]} 13... Qxc6 {[%clk 0:12:33.6]} 14. f3 {[%clk 0:11:05.2]} 14... Rfd8 {[%clk 0:11:55.5]} 15. Bb2 {[%clk 0:10:30.7]} 15... Nd5 {[%clk 0:10:15.7]} 16. Qd2 {[%clk 0:10:13.3]} 16... b5 {[%clk 0:10:15.5]} 17. e4 {[%clk 0:07:02.3]} 17... Nb6 {[%clk 0:10:16.5]} 18. Rfd1 {[%clk 0:07:06.8]} 18... Na4 {[%clk 0:07:16.8]} 19. Rab1 {[%clk 0:07:01.9]} 19... a6 {[%clk 0:07:16.7]} 20. Ba1 {[%clk 0:06:44.7]} 20... c4 {[%clk 0:07:09.1]} 21. Qf4 {[%clk 0:06:16.5]} 21... f5 {[%clk 0:06:58.4]} 22. exf5 {[%clk 0:06:02.1]} 22... Rf8 {[%clk 0:06:58.7]} 23. Re1 {[%clk 0:05:35.8]} 23... Nb6 {[%clk 0:06:23.4]} 24. Bd1 {[%clk 0:05:08.4]} 24... Nd5 {[%clk 0:06:21.9]} 25. Qd2 {[%clk 0:04:54]} 25... exf5 {[%clk 0:06:13.8]} 26. Bc2 {[%clk 0:04:58]} 26... Qd6 {[%clk 0:05:41.7]} 27. Bb2 {[%clk 0:04:50.5]} 27... Bc6 {[%clk 0:05:34.4]} 28. Re5 {[%clk 0:04:51.6]} 28... f4 {[%clk 0:05:27.2]} 29. Rbe1 {[%clk 0:04:39]} 29... Ne3 {[%clk 0:05:25.5]} 30. Bc1 {[%clk 0:03:55.2]} 30... Rae8 {[%clk 0:05:20.1]} 31. Qf2 {[%clk 0:03:52.4]} 31... Nd5 {[%clk 0:04:27.2]} 32. Bb2 {[%clk 0:02:54.1]} 32... Rxe5 {[%clk 0:04:24.4]} 33. dxe5 {[%clk 0:02:32.4]} 33... Qe6 {[%clk 0:03:24.3]} 34. Bc1 {[%clk 0:02:05.2]} 34... Be8 {[%clk 0:03:03.4]} 35. Be4 {[%clk 0:01:10.6]} 35... Nxc3 {[%clk 0:03:00.5]} 36. Bxh7+ {[%clk 0:01:14.9]} 36... Kxh7 {[%clk 0:03:02.4]} 37. Qc2+ {[%clk 0:01:19.4]} 37... Bg6 {[%clk 0:03:06]} 38. Qxc3 {[%clk 0:01:23.8]} 38... Bd3 {[%clk 0:03:09.8]} 39. Qd4 {[%clk 0:01:24.9]} 39... g5 {[%clk 0:02:05.4]} 40. Bd2 {[%clk 0:01:27.8]} 40... g4 {[%clk 0:01:58.7]} 41. fxg4 {[%clk 0:00:27.3]} 41... f3 {[%clk 0:01:38.1]} 42. gxf3 {[%clk 0:00:32.2]} 42... Rxf3 {[%clk 0:01:40.3]} 43. Be3 {[%clk 0:00:30.6]} 43... Qf7 {[%clk 0:01:00.2]} 44. Qa7 {[%clk 0:00:22.9]} 44... Kg6 {[%clk 0:00:56.7]} 45. Qxa6+ {[%clk 0:00:22.8]} 45... Kh7 {[%clk 0:00:54.9]} 46. Qa7 {[%clk 0:00:23.5]} 46... Kg8 {[%clk 0:00:58.1]} 47. Qxf7+ {[%clk 0:00:17.2]} 47... Kxf7 {[%clk 0:01:01.9]} 48. Bc5 {[%clk 0:00:17.7]} 48... Ke6 {[%clk 0:01:02.2]} 49. Kg2 {[%clk 0:00:21.9]} 49... Rf7 {[%clk 0:01:02.8]} 50. Bb4 {[%clk 0:00:21.8]} 50... Rc7 {[%clk 0:00:57.8]} 51. h4 {[%clk 0:00:20.2]} 51... c3 {[%clk 0:01:00.4]} 52. h5 {[%clk 0:00:14.6]} 52... c2 {[%clk 0:01:04]} 53. Bd2 {[%clk 0:00:18.5]} 53... Rd7 {[%clk 0:00:55.4]} 54. Bc1 {[%clk 0:00:20.5]} 54... Bh7 {[%clk 0:00:52.3]} 55. g5 {[%clk 0:00:10.9]} 55... Rd1 {[%clk 0:00:55.6]} 56. g6 {[%clk 0:00:08.4]} 56... Bxg6 {[%clk 0:00:56.4]} 57. Kf2 {[%clk 0:00:10.6]} 57... Bxh5 {[%clk 0:00:59.5]} 58. Bb2 {[%clk 0:00:12.2]} 58... Bg4 {[%clk 0:00:58.3]} 59. Rg1 {[%clk 0:00:11]} 59... Bf5 {[%clk 0:01:00.7]} 60. Re1 {[%clk 0:00:10.1]} 60... Kd5 {[%clk 0:01:04.2]} 61. e6 {[%clk 0:00:10.1]} 61... Bxe6 {[%clk 0:00:57.8]} 62. Re5+ {[%clk 0:00:12.4]} 62... Kd6 {[%clk 0:01:01.8]} 63. Re1 {[%clk 0:00:10.6]} 63... Bc4 {[%clk 0:01:01.5]} 64. Rg1 {[%clk 0:00:10.6]} 64... Kc5 {[%clk 0:01:02.6]} 65. Rg5+ {[%clk 0:00:10.3]} 65... Bd5 {[%clk 0:01:06]} 66. Rg1 {[%clk 0:00:08.7]} 66... Kc4 {[%clk 0:01:02.4]} 67. Rg4+ {[%clk 0:00:11.8]} 67... Kb3 {[%clk 0:00:52.5]} 68. Rb4+ {[%clk 0:00:15.2]} 68... Ka2 {[%clk 0:00:56.3]} 69. Ke3 {[%clk 0:00:08.9]} 69... Bb3 {[%clk 0:00:59.3]} 0-1",8/8/8/1p6/1R6/Pb2K3/kBp5/3r4 w - -
TheVish,lachesisQ,black,white,repetition,repetition,2618,2847,-229,0.5,rapid,Giuoco Piano Game 4.O O Nf6,43,e2e4,True,"[Event ""Live Chess""]
[Site ""Chess.com""]
[Date ""2020.08.30""]
[Round ""-""]
[White ""lachesisQ""]
[Black ""TheVish""]
[Result ""1/2-1/2""]
[CurrentPosition ""8/5pk1/5p2/4p3/1q2P1QP/8/5PK1/8 b - -""]
[Timezone ""UTC""]
[ECO ""C50""]
[ECOUrl ""https://www.chess.com/openings/Giuoco-Piano-Game-4.O-O-Nf6""]
[UTCDate ""2020.08.30""]
[UTCTime ""12:00:13""]
[WhiteElo ""2847""]
[BlackElo ""2618""]
[TimeControl ""900+5""]
[Termination ""Game drawn by repetition""]
[StartTime ""12:00:13""]
[EndDate ""2020.08.30""]
[EndTime ""12:32:26""]
[Link ""https://www.chess.com/live/game/5372370075""]

1. e4 {[%clk 0:15:02.6]} 1... e5 {[%clk 0:15:02.4]} 2. Nf3 {[%clk 0:15:05.5]} 2... Nc6 {[%clk 0:15:05.8]} 3. Bc4 {[%clk 0:15:09.6]} 3... Bc5 {[%clk 0:15:07.8]} 4. O-O {[%clk 0:15:08.3]} 4... Nf6 {[%clk 0:15:09]} 5. d3 {[%clk 0:15:12.5]} 5... d6 {[%clk 0:15:11.4]} 6. c3 {[%clk 0:15:14.9]} 6... a6 {[%clk 0:15:14.4]} 7. a4 {[%clk 0:15:15.9]} 7... h6 {[%clk 0:15:14.6]} 8. Nbd2 {[%clk 0:14:56.4]} 8... O-O {[%clk 0:15:07.9]} 9. h3 {[%clk 0:14:33.7]} 9... a5 {[%clk 0:14:56.4]} 10. Re1 {[%clk 0:14:17.4]} 10... Be6 {[%clk 0:14:57]} 11. b3 {[%clk 0:14:20.9]} 11... Re8 {[%clk 0:14:57.7]} 12. Bb5 {[%clk 0:13:52.2]} 12... Bd7 {[%clk 0:14:49.4]} 13. Bb2 {[%clk 0:13:54.8]} 13... Ba7 {[%clk 0:13:23.9]} 14. Nf1 {[%clk 0:13:53.7]} 14... Nb8 {[%clk 0:13:01.1]} 15. Bxd7 {[%clk 0:13:33.2]} 15... Nbxd7 {[%clk 0:13:02.8]} 16. Ng3 {[%clk 0:13:37]} 16... d5 {[%clk 0:11:44.9]} 17. Qc2 {[%clk 0:12:15.2]} 17... c6 {[%clk 0:11:23.3]} 18. Rad1 {[%clk 0:12:07.1]} 18... Qc7 {[%clk 0:11:10.2]} 19. Nf5 {[%clk 0:11:44.1]} 19... Rad8 {[%clk 0:09:43.5]} 20. b4 {[%clk 0:10:48.2]} 20... Nf8 {[%clk 0:09:20.1]} 21. Bc1 {[%clk 0:10:39.6]} 21... Ne6 {[%clk 0:08:45.6]} 22. g3 {[%clk 0:09:18.6]} 22... b5 {[%clk 0:06:22.7]} 23. axb5 {[%clk 0:08:19.4]} 23... cxb5 {[%clk 0:06:01.6]} 24. bxa5 {[%clk 0:07:57.7]} 24... dxe4 {[%clk 0:05:39.2]} 25. dxe4 {[%clk 0:07:59.4]} 25... Rxd1 {[%clk 0:05:26.4]} 26. Rxd1 {[%clk 0:08:01.3]} 26... Bc5 {[%clk 0:04:03.2]} 27. Be3 {[%clk 0:06:14.7]} 27... Ra8 {[%clk 0:03:38.4]} 28. Ra1 {[%clk 0:05:11.7]} 28... Bxe3 {[%clk 0:03:04.5]} 29. Nxe3 {[%clk 0:04:57.1]} 29... Rxa5 {[%clk 0:03:08]} 30. Rxa5 {[%clk 0:04:15.9]} 30... Qxa5 {[%clk 0:03:09.4]} 31. Nd5 {[%clk 0:04:15.8]} 31... Qa4 {[%clk 0:03:03]} 32. Nxf6+ {[%clk 0:03:54.2]} 32... gxf6 {[%clk 0:03:05.7]} 33. Qd3 {[%clk 0:03:30.8]} 33... Ng5 {[%clk 0:02:49.1]} 34. Nxg5 {[%clk 0:03:26.5]} 34... hxg5 {[%clk 0:02:41.5]} 35. Kg2 {[%clk 0:03:20.2]} 35... Qb3 {[%clk 0:02:33.9]} 36. Qf3 {[%clk 0:03:22.1]} 36... Kg7 {[%clk 0:02:25.8]} 37. h4 {[%clk 0:03:24.6]} 37... gxh4 {[%clk 0:02:21]} 38. gxh4 {[%clk 0:03:25.6]} 38... b4 {[%clk 0:02:22.2]} 39. cxb4 {[%clk 0:03:13.1]} 39... Qxb4 {[%clk 0:02:25.2]} 40. Qg4+ {[%clk 0:03:17]} 40... Kh7 {[%clk 0:02:23.1]} 41. Qf5+ {[%clk 0:03:09.1]} 41... Kg7 {[%clk 0:02:25.8]} 42. Qg4+ {[%clk 0:03:09.3]} 42... Kh7 {[%clk 0:02:26.7]} 43. Qf5+ {[%clk 0:02:56.1]} 43... Kg7 {[%clk 0:02:29.4]} 44. Qg4+ {[%clk 0:02:54.8]} 1/2-1/2",8/5pk1/5p2/4p3/1q2P1QP/8/5PK1/8 b - -
