player_username,opponent_username,played_as,opponent_played_as,result_for_player,result_for_opponent,player_rating,opponent_rating,time_class,opening,moves,first_move,rated,PGN,FEN
sudesh2911,TheRaviZone,white,black,win,timeout,1156,848,blitz,Queens Pawn Opening Polish Defense,46,d2d4,True,"[Event ""Live Chess""]
[Site ""Chess.com""]
[Date ""2020.05.16""]
[Round ""-""]
[White ""sudesh2911""]
[Black ""TheRaviZone""]
[Result ""1-0""]
[CurrentPosition ""8/7N/5k2/5p2/5P1p/5P2/6K1/8 b - -""]
[Timezone ""UTC""]
[ECO ""A40""]
[ECOUrl ""https://www.chess.com/openings/Queens-Pawn-Opening-Polish-Defense""]
[UTCDate ""2020.05.16""]
[UTCTime ""12:48:23""]
[WhiteElo ""1156""]
[BlackElo ""848""]
[TimeControl ""600""]
[Termination ""sudesh2911 won on time""]
[StartTime ""12:48:23""]
[EndDate ""2020.05.16""]
[EndTime ""13:07:48""]
[Link ""https://www.chess.com/live/game/4863879694""]

1. d4 {[%clk 0:09:42.4]} 1... b5 {[%clk 0:09:53.5]} 2. b4 {[%clk 0:09:11.9]} 2... Nc6 {[%clk 0:09:45.4]} 3. a3 {[%clk 0:09:08]} 3... Nxd4 {[%clk 0:09:37.7]} 4. e3 {[%clk 0:08:57.3]} 4... Nf5 {[%clk 0:09:25.5]} 5. h4 {[%clk 0:08:50.6]} 5... g5 {[%clk 0:09:17.2]} 6. hxg5 {[%clk 0:08:41.6]} 6... f6 {[%clk 0:09:04.6]} 7. gxf6 {[%clk 0:08:34.3]} 7... exf6 {[%clk 0:09:01.1]} 8. Ne2 {[%clk 0:08:12.3]} 8... Ngh6 {[%clk 0:08:35.7]} 9. Rxh6 {[%clk 0:08:01.2]} 9... Nxh6 {[%clk 0:08:26.8]} 10. Nd4 {[%clk 0:07:52.4]} 10... c5 {[%clk 0:08:14.2]} 11. Nxb5 {[%clk 0:07:48.2]} 11... d6 {[%clk 0:07:55.4]} 12. bxc5 {[%clk 0:07:26.8]} 12... dxc5 {[%clk 0:07:51.1]} 13. Qxd8+ {[%clk 0:07:20.3]} 13... Kxd8 {[%clk 0:07:46.7]} 14. Bd2 {[%clk 0:06:53.3]} 14... a6 {[%clk 0:07:34.1]} 15. N5c3 {[%clk 0:06:34.2]} 15... f5 {[%clk 0:07:12.8]} 16. Na2 {[%clk 0:06:28.8]} 16... Be6 {[%clk 0:06:33.5]} 17. Ba5+ {[%clk 0:06:22.7]} 17... Ke8 {[%clk 0:06:15.5]} 18. g3 {[%clk 0:06:08]} 18... Ng4 {[%clk 0:05:49.7]} 19. Nac3 {[%clk 0:05:24.7]} 19... Nh2 {[%clk 0:05:45.3]} 20. Bg2 {[%clk 0:05:20]} 20... Ng4 {[%clk 0:05:39.1]} 21. Bxa8 {[%clk 0:05:17.1]} 21... Ne5 {[%clk 0:04:48.6]} 22. Na4 {[%clk 0:05:02]} 22... Nc4 {[%clk 0:04:03.2]} 23. f3 {[%clk 0:04:21.2]} 23... Nxa5 {[%clk 0:04:00.1]} 24. Ra2 {[%clk 0:04:07.5]} 24... Bxa2 {[%clk 0:03:38.7]} 25. Nbc3 {[%clk 0:03:51.6]} 25... Bd5 {[%clk 0:03:32.1]} 26. Nxd5 {[%clk 0:03:47.2]} 26... Nc4 {[%clk 0:02:52.6]} 27. Nc7+ {[%clk 0:03:37.4]} 27... Kd8 {[%clk 0:02:41.3]} 28. Ne6+ {[%clk 0:03:20.9]} 28... Ke7 {[%clk 0:02:25.8]} 29. Nexc5 {[%clk 0:03:09.4]} 29... Nxe3 {[%clk 0:01:56.8]} 30. Nxa6 {[%clk 0:03:01.4]} 30... Nxc2+ {[%clk 0:01:53.7]} 31. Kd2 {[%clk 0:02:50.1]} 31... Nxa3 {[%clk 0:01:47.6]} 32. Nc7 {[%clk 0:02:38.7]} 32... Bh6+ {[%clk 0:01:43.6]} 33. Ke2 {[%clk 0:02:32.5]} 33... Rd8 {[%clk 0:01:38.3]} 34. Bd5 {[%clk 0:02:22.7]} 34... Rxd5 {[%clk 0:01:31.3]} 35. Nxd5+ {[%clk 0:02:19.5]} 35... Ke6 {[%clk 0:01:22.3]} 36. Nf4+ {[%clk 0:02:05.9]} 36... Kf6 {[%clk 0:01:18.5]} 37. Nc5 {[%clk 0:01:59.1]} 37... Bxf4 {[%clk 0:01:15.5]} 38. gxf4 {[%clk 0:01:56.9]} 38... h5 {[%clk 0:00:57.7]} 39. Nd7+ {[%clk 0:01:52.3]} 39... Kg6 {[%clk 0:00:54.8]} 40. Nf8+ {[%clk 0:01:44.9]} 40... Kf6 {[%clk 0:00:49.8]} 41. Nh7+ {[%clk 0:01:36.4]} 41... Kg7 {[%clk 0:00:45.1]} 42. Ng5 {[%clk 0:01:26]} 42... h4 {[%clk 0:00:41]} 43. Kf2 {[%clk 0:01:19.2]} 43... Nc4 {[%clk 0:00:33.7]} 44. Kg2 {[%clk 0:01:14.6]} 44... Ne3+ {[%clk 0:00:29.4]} 45. Kh3 {[%clk 0:01:09]} 45... Ng2 {[%clk 0:00:13.3]} 46. Kxg2 {[%clk 0:01:03.7]} 46... Kf6 {[%clk 0:00:07.5]} 47. Nh7+ {[%clk 0:00:58.7]} 1-0",8/7N/5k2/5p2/5P1p/5P2/6K1/8 b - -
sudesh2911,Ngocmichael01,black,white,timeout,win,799,961,bullet,Queens Pawn Opening Chigorin Alburt Defense,10,d2d4,True,"[Event ""Live Chess""]
[Site ""Chess.com""]
[Date ""2020.05.25""]
[Round ""-""]
[White ""Ngocmichael01""]
[Black ""sudesh2911""]
[Result ""1-0""]
[CurrentPosition ""r3k1nr/pppnpp1p/6p1/6B1/3QB1P1/7P/PPP1PP2/R3K2R b KQkq -""]
[Timezone ""UTC""]
[ECO ""D00""]
[ECOUrl ""https://www.chess.com/openings/Queens-Pawn-Opening-Chigorin-Alburt-Defense""]
[UTCDate ""2020.05.25""]
[UTCTime ""10:15:34""]
[WhiteElo ""961""]
[BlackElo ""799""]
[TimeControl ""60""]
[Termination ""Ngocmichael01 won on time""]
[StartTime ""10:15:34""]
[EndDate ""2020.05.25""]
[EndTime ""10:16:51""]
[Link ""https://www.chess.com/live/game/4904783963""]

1. d4 {[%clk 0:00:59.9]} 1... d5 {[%clk 0:00:59.4]} 2. Nc3 {[%clk 0:00:59.4]} 2... Bf5 {[%clk 0:00:56.5]} 3. Nf3 {[%clk 0:00:59]} 3... g6 {[%clk 0:00:47.9]} 4. h3 {[%clk 0:00:58.5]} 4... Bg7 {[%clk 0:00:40.8]} 5. g4 {[%clk 0:00:58]} 5... Be4 {[%clk 0:00:29.6]} 6. Nxe4 {[%clk 0:00:56.8]} 6... dxe4 {[%clk 0:00:28.5]} 7. Ng5 {[%clk 0:00:56.4]} 7... Qd5 {[%clk 0:00:15]} 8. Bg2 {[%clk 0:00:53.2]} 8... Qxg5 {[%clk 0:00:09]} 9. Bxg5 {[%clk 0:00:51.8]} 9... Bxd4 {[%clk 0:00:03.9]} 10. Qxd4 {[%clk 0:00:50.4]} 10... Nd7 {[%clk 0:00:00.1]} 11. Bxe4 {[%clk 0:00:48.5]} 1-0",r3k1nr/pppnpp1p/6p1/6B1/3QB1P1/7P/PPP1PP2/R3K2R b KQkq -
sudesh2911,akuakaaku,black,white,timeout,win,691,834,bullet,Petrovs Defense Three Knights Game,25,e2e4,True,"[Event ""Live Chess""]
[Site ""Chess.com""]
[Date ""2020.05.25""]
[Round ""-""]
[White ""akuakaaku""]
[Black ""sudesh2911""]
[Result ""1-0""]
[CurrentPosition ""8/2pn4/2kP2N1/1p2P3/p6p/P2P3P/P1PKQ1B1/1N5R b - -""]
[Timezone ""UTC""]
[ECO ""C42""]
[ECOUrl ""https://www.chess.com/openings/Petrovs-Defense-Three-Knights-Game""]
[UTCDate ""2020.05.25""]
[UTCTime ""10:18:45""]
[WhiteElo ""834""]
[BlackElo ""691""]
[TimeControl ""60""]
[Termination ""akuakaaku won on time""]
[StartTime ""10:18:45""]
[EndDate ""2020.05.25""]
[EndTime ""10:20:35""]
[Link ""https://www.chess.com/live/game/4904793228""]

1. e4 {[%clk 0:00:59.9]} 1... e5 {[%clk 0:00:59.1]} 2. Nc3 {[%clk 0:00:59.3]} 2... Nf6 {[%clk 0:00:57]} 3. Nf3 {[%clk 0:00:57]} 3... Bc5 {[%clk 0:00:54.1]} 4. h3 {[%clk 0:00:56.5]} 4... h5 {[%clk 0:00:52.2]} 5. d3 {[%clk 0:00:55.8]} 5... d6 {[%clk 0:00:48.3]} 6. Bg5 {[%clk 0:00:55.2]} 6... Ng4 {[%clk 0:00:46.2]} 7. Bxd8 {[%clk 0:00:53.5]} 7... Kxd8 {[%clk 0:00:44.1]} 8. hxg4 {[%clk 0:00:53]} 8... f6 {[%clk 0:00:40.6]} 9. g5 {[%clk 0:00:49.6]} 9... fxg5 {[%clk 0:00:39.5]} 10. Nxg5 {[%clk 0:00:49]} 10... g6 {[%clk 0:00:38]} 11. Nf7+ {[%clk 0:00:47.7]} 11... Kd7 {[%clk 0:00:34.3]} 12. Nxh8 {[%clk 0:00:47.1]} 12... Kc6 {[%clk 0:00:31.9]} 13. Nxg6 {[%clk 0:00:46.4]} 13... Bg4 {[%clk 0:00:29.1]} 14. f3 {[%clk 0:00:44.7]} 14... Bh3 {[%clk 0:00:26]} 15. gxh3 {[%clk 0:00:42.5]} 15... h4 {[%clk 0:00:24.4]} 16. Qe2 {[%clk 0:00:41.2]} 16... Bb4 {[%clk 0:00:18.5]} 17. O-O-O {[%clk 0:00:35.7]} 17... Ba3 {[%clk 0:00:16.9]} 18. bxa3 {[%clk 0:00:34.4]} 18... a6 {[%clk 0:00:15.6]} 19. Kd2 {[%clk 0:00:31.1]} 19... a5 {[%clk 0:00:14.4]} 20. Rb1 {[%clk 0:00:30.7]} 20... Ra6 {[%clk 0:00:12.1]} 21. f4 {[%clk 0:00:29.8]} 21... Rb6 {[%clk 0:00:10.1]} 22. fxe5 {[%clk 0:00:26.9]} 22... Rxb1 {[%clk 0:00:08]} 23. Nxb1 {[%clk 0:00:26.3]} 23... a4 {[%clk 0:00:05.2]} 24. exd6 {[%clk 0:00:25.7]} 24... b5 {[%clk 0:00:03.6]} 25. e5 {[%clk 0:00:24.2]} 25... Nd7 {[%clk 0:00:02.3]} 26. Bg2+ {[%clk 0:00:23.4]} 1-0",8/2pn4/2kP2N1/1p2P3/p6p/P2P3P/P1PKQ1B1/1N5R b - -
sudesh2911,shanecurry92,white,black,checkmated,win,783,1012,rapid,Birds Opening Dutch Variation,47,f2f4,True,"[Event ""Live Chess""]
[Site ""Chess.com""]
[Date ""2020.07.18""]
[Round ""-""]
[White ""sudesh2911""]
[Black ""shanecurry92""]
[Result ""0-1""]
[CurrentPosition ""8/1p6/1P6/5p1p/6b1/1k6/8/1K3r2 w - -""]
[Timezone ""UTC""]
[ECO ""A03""]
[ECOUrl ""https://www.chess.com/openings/Birds-Opening-Dutch-Variation""]
[UTCDate ""2020.07.18""]
[UTCTime ""19:29:09""]
[WhiteElo ""783""]
[BlackElo ""1012""]
[TimeControl ""1800""]
[Termination ""shanecurry92 won by checkmate""]
[StartTime ""19:29:09""]
[EndDate ""2020.07.18""]
[EndTime ""19:47:49""]
[Link ""https://www.chess.com/live/game/5169515058""]

1. f4 {[%clk 0:29:58.2]} 1... d5 {[%clk 0:29:55.6]} 2. d3 {[%clk 0:29:54.3]} 2... Nc6 {[%clk 0:29:53.3]} 3. c4 {[%clk 0:29:50.1]} 3... Nf6 {[%clk 0:29:47.8]} 4. e4 {[%clk 0:29:40.7]} 4... dxe4 {[%clk 0:29:41.1]} 5. dxe4 {[%clk 0:29:31.7]} 5... Nxe4 {[%clk 0:29:39.6]} 6. Na3 {[%clk 0:29:23.3]} 6... e5 {[%clk 0:29:34.1]} 7. Qxd8+ {[%clk 0:29:02.9]} 7... Nxd8 {[%clk 0:29:26.6]} 8. h4 {[%clk 0:28:57.7]} 8... Nc6 {[%clk 0:29:13.1]} 9. fxe5 {[%clk 0:28:56]} 9... Nxe5 {[%clk 0:29:09.5]} 10. c5 {[%clk 0:28:51.5]} 10... Bxc5 {[%clk 0:29:04]} 11. Bg5 {[%clk 0:28:45.5]} 11... Bxa3 {[%clk 0:28:30.4]} 12. bxa3 {[%clk 0:28:39.8]} 12... Nxg5 {[%clk 0:28:18.6]} 13. Rd1 {[%clk 0:28:32.2]} 13... Bg4 {[%clk 0:27:57.8]} 14. Bb5+ {[%clk 0:28:04.8]} 14... c6 {[%clk 0:27:39]} 15. Rd6 {[%clk 0:27:42.2]} 15... cxb5 {[%clk 0:27:13.3]} 16. hxg5 {[%clk 0:27:17.3]} 16... O-O {[%clk 0:26:13]} 17. Rd5 {[%clk 0:27:05.5]} 17... Rfe8 {[%clk 0:25:50.5]} 18. Rxb5 {[%clk 0:26:56.1]} 18... a6 {[%clk 0:25:14.9]} 19. Rb4 {[%clk 0:26:43.8]} 19... Nd3+ {[%clk 0:24:51]} 20. Kd2 {[%clk 0:26:33]} 20... Nxb4 {[%clk 0:24:39.8]} 21. axb4 {[%clk 0:26:24.9]} 21... Rad8+ {[%clk 0:24:30.5]} 22. Kc2 {[%clk 0:26:13.4]} 22... Re3 {[%clk 0:23:55.8]} 23. g3 {[%clk 0:25:32.6]} 23... Rxg3 {[%clk 0:23:36]} 24. Rh3 {[%clk 0:25:20.4]} 24... Rxh3 {[%clk 0:23:31.6]} 25. Nxh3 {[%clk 0:25:19.1]} 25... Bxh3 {[%clk 0:23:28.9]} 26. a4 {[%clk 0:25:13.9]} 26... f6 {[%clk 0:23:24.4]} 27. gxf6 {[%clk 0:25:11.2]} 27... gxf6 {[%clk 0:23:21.4]} 28. b5 {[%clk 0:25:08.1]} 28... axb5 {[%clk 0:23:19.7]} 29. axb5 {[%clk 0:25:06.8]} 29... f5 {[%clk 0:23:16.9]} 30. Kb3 {[%clk 0:24:59.7]} 30... Rd4 {[%clk 0:23:13.1]} 31. Kc3 {[%clk 0:24:52.6]} 31... Rg4 {[%clk 0:23:01]} 32. b6 {[%clk 0:24:43.9]} 32... Kf7 {[%clk 0:22:54.2]} 33. Kb3 {[%clk 0:23:56.7]} 33... Ke6 {[%clk 0:22:52.7]} 34. Ka2 {[%clk 0:23:47]} 34... Rg3 {[%clk 0:22:50.1]} 35. Kb2 {[%clk 0:23:41.9]} 35... Kd5 {[%clk 0:22:47.6]} 36. Kc2 {[%clk 0:23:38]} 36... Kc4 {[%clk 0:22:45.7]} 37. Kb2 {[%clk 0:23:22.2]} 37... Kb4 {[%clk 0:22:41.3]} 38. Kc2 {[%clk 0:23:19.7]} 38... Rc3+ {[%clk 0:22:36.5]} 39. Kd2 {[%clk 0:23:15]} 39... Rg3 {[%clk 0:20:34.8]} 40. Ke2 {[%clk 0:23:05.2]} 40... Kc4 {[%clk 0:20:26.6]} 41. Kd2 {[%clk 0:22:58.5]} 41... Rf3 {[%clk 0:20:16.2]} 42. Ke2 {[%clk 0:22:47.7]} 42... Bg4 {[%clk 0:20:10.5]} 43. Kd2 {[%clk 0:22:37.6]} 43... h5 {[%clk 0:20:03.8]} 44. Kc2 {[%clk 0:22:22.2]} 44... Rf2+ {[%clk 0:20:01.7]} 45. Kb1 {[%clk 0:22:16.7]} 45... Kc3 {[%clk 0:19:51.7]} 46. Ka1 {[%clk 0:22:05.9]} 46... Kb3 {[%clk 0:19:43]} 47. Kb1 {[%clk 0:22:02.8]} 47... Rf1# {[%clk 0:19:41.3]} 0-1",8/1p6/1P6/5p1p/6b1/1k6/8/1K3r2 w - -
sudesh2911,vipulsapra1,black,white,checkmated,win,1008,1146,blitz,Philidor Defense 3.d4,22,e2e4,True,"[Event ""Live Chess""]
[Site ""Chess.com""]
[Date ""2020.07.20""]
[Round ""-""]
[White ""vipulsapra1""]
[Black ""sudesh2911""]
[Result ""1-0""]
[CurrentPosition ""5br1/7Q/2Rp3k/1N1P1Bp1/1p3p2/5N2/1PP2PPP/4R1K1 b - -""]
[Timezone ""UTC""]
[ECO ""C41""]
[ECOUrl ""https://www.chess.com/openings/Philidor-Defense-3.d4""]
[UTCDate ""2020.07.20""]
[UTCTime ""16:49:32""]
[WhiteElo ""1146""]
[BlackElo ""1008""]
[TimeControl ""600""]
[Termination ""vipulsapra1 won by checkmate""]
[StartTime ""16:49:32""]
[EndDate ""2020.07.20""]
[EndTime ""16:55:23""]
[Link ""https://www.chess.com/live/game/5178496419""]

1. e4 {[%clk 0:09:58.2]} 1... e5 {[%clk 0:09:58.3]} 2. Nf3 {[%clk 0:09:54.9]} 2... d6 {[%clk 0:09:57]} 3. d4 {[%clk 0:09:52.8]} 3... f6 {[%clk 0:09:55]} 4. d5 {[%clk 0:09:51.2]} 4... c6 {[%clk 0:09:52.5]} 5. Nc3 {[%clk 0:09:41.3]} 5... Nd7 {[%clk 0:09:50.3]} 6. Be2 {[%clk 0:09:22]} 6... Ne7 {[%clk 0:09:47.2]} 7. O-O {[%clk 0:09:16.9]} 7... Ng6 {[%clk 0:09:41.4]} 8. Be3 {[%clk 0:08:50.8]} 8... a6 {[%clk 0:09:34.9]} 9. a4 {[%clk 0:08:28.5]} 9... b5 {[%clk 0:09:32.9]} 10. axb5 {[%clk 0:08:22.8]} 10... axb5 {[%clk 0:09:30.6]} 11. Rxa8 {[%clk 0:08:20.6]} 11... Qe7 {[%clk 0:09:10.8]} 12. Rxc8+ {[%clk 0:08:16.1]} 12... Kf7 {[%clk 0:09:08.3]} 13. Rxc6 {[%clk 0:08:09]} 13... b4 {[%clk 0:09:02.8]} 14. Nb5 {[%clk 0:08:03.1]} 14... f5 {[%clk 0:08:56.5]} 15. exf5 {[%clk 0:07:52.7]} 15... Nf4 {[%clk 0:08:34.7]} 16. Bxf4 {[%clk 0:07:29.4]} 16... exf4 {[%clk 0:08:33.3]} 17. Bd3 {[%clk 0:07:23.4]} 17... g5 {[%clk 0:08:24.3]} 18. Re1 {[%clk 0:07:21.1]} 18... Qf6 {[%clk 0:08:19.5]} 19. Qe2 {[%clk 0:07:06.9]} 19... Qxf5 {[%clk 0:08:14.8]} 20. Bxf5 {[%clk 0:06:54.9]} 20... Rg8 {[%clk 0:08:09.7]} 21. Qe8+ {[%clk 0:06:48.7]} 21... Kg7 {[%clk 0:08:02.4]} 22. Qxd7+ {[%clk 0:06:31.7]} 22... Kh6 {[%clk 0:07:51.2]} 23. Qxh7# {[%clk 0:06:30]} 1-0",5br1/7Q/2Rp3k/1N1P1Bp1/1p3p2/5N2/1PP2PPP/4R1K1 b - -
sudesh2911,georg1417,black,white,checkmated,win,898,985,blitz,Petrovs Defense,50,e2e4,True,"[Event ""Live Chess""]
[Site ""Chess.com""]
[Date ""2020.07.20""]
[Round ""-""]
[White ""georg1417""]
[Black ""sudesh2911""]
[Result ""1-0""]
[CurrentPosition ""1Q3k2/5p2/5Q1P/8/K3P3/8/8/8 b - -""]
[Timezone ""UTC""]
[ECO ""C42""]
[ECOUrl ""https://www.chess.com/openings/Petrovs-Defense""]
[UTCDate ""2020.07.20""]
[UTCTime ""17:01:45""]
[WhiteElo ""985""]
[BlackElo ""898""]
[TimeControl ""600""]
[Termination ""georg1417 won by checkmate""]
[StartTime ""17:01:45""]
[EndDate ""2020.07.20""]
[EndTime ""17:13:52""]
[Link ""https://www.chess.com/live/game/5178550270""]

1. e4 {[%clk 0:09:59.9]} 1... e5 {[%clk 0:09:59.4]} 2. Nf3 {[%clk 0:09:58.7]} 2... Nf6 {[%clk 0:09:57]} 3. d3 {[%clk 0:09:57.6]} 3... d6 {[%clk 0:09:54.7]} 4. Bg5 {[%clk 0:09:56.3]} 4... h6 {[%clk 0:09:49.5]} 5. Bxf6 {[%clk 0:09:54.3]} 5... gxf6 {[%clk 0:09:48.4]} 6. h3 {[%clk 0:09:53.5]} 6... Rg8 {[%clk 0:09:46.6]} 7. g4 {[%clk 0:09:51]} 7... Rg5 {[%clk 0:09:36]} 8. Nh4 {[%clk 0:09:46]} 8... Rg8 {[%clk 0:09:30.3]} 9. Be2 {[%clk 0:09:30.7]} 9... f5 {[%clk 0:09:27.8]} 10. exf5 {[%clk 0:09:24.8]} 10... Qxh4 {[%clk 0:09:25.7]} 11. Nd2 {[%clk 0:09:20.8]} 11... Qf6 {[%clk 0:09:05.8]} 12. Ne4 {[%clk 0:09:17.7]} 12... Qe6 {[%clk 0:08:58.7]} 13. c4 {[%clk 0:09:14.4]} 13... Qe7 {[%clk 0:08:54.6]} 14. f6 {[%clk 0:08:36.3]} 14... Qd8 {[%clk 0:08:49.2]} 15. Qb3 {[%clk 0:08:24.2]} 15... c5 {[%clk 0:08:41]} 16. O-O-O {[%clk 0:08:00.4]} 16... a5 {[%clk 0:08:35.8]} 17. a4 {[%clk 0:07:59.2]} 17... d5 {[%clk 0:08:29.5]} 18. cxd5 {[%clk 0:07:52.7]} 18... b5 {[%clk 0:08:22.2]} 19. axb5 {[%clk 0:06:32.8]} 19... Qxf6 {[%clk 0:08:08.8]} 20. f3 {[%clk 0:06:29.8]} 20... Qg6 {[%clk 0:07:59.9]} 21. Qc4 {[%clk 0:06:02.8]} 21... Nd7 {[%clk 0:07:48.6]} 22. Kb1 {[%clk 0:05:40.6]} 22... Nf6 {[%clk 0:07:37.3]} 23. b6 {[%clk 0:05:25.6]} 23... Nxe4 {[%clk 0:07:33.2]} 24. dxe4 {[%clk 0:05:23.9]} 24... Rb8 {[%clk 0:07:24]} 25. d6 {[%clk 0:04:44.4]} 25... Rxb6 {[%clk 0:07:20.5]} 26. Qxc5 {[%clk 0:04:19.2]} 26... Rb3 {[%clk 0:07:04.2]} 27. Bb5+ {[%clk 0:04:16.9]} 27... Bd7 {[%clk 0:06:58.3]} 28. Bxd7+ {[%clk 0:04:13]} 28... Kxd7 {[%clk 0:06:57]} 29. Qc7+ {[%clk 0:04:12]} 29... Ke6 {[%clk 0:06:49.2]} 30. Qc4+ {[%clk 0:04:01.9]} 30... Kf6 {[%clk 0:06:44.5]} 31. Qxb3 {[%clk 0:03:59.8]} 31... Bxd6 {[%clk 0:06:34.8]} 32. Rxd6+ {[%clk 0:03:57.3]} 32... Kg5 {[%clk 0:06:29.1]} 33. Rxg6+ {[%clk 0:03:55.8]} 33... Rxg6 {[%clk 0:06:28]} 34. Qe3+ {[%clk 0:03:38.7]} 34... Kh4 {[%clk 0:06:23.3]} 35. Qf2+ {[%clk 0:03:37.8]} 35... Kg5 {[%clk 0:06:09.4]} 36. h4+ {[%clk 0:03:36]} 36... Kf6 {[%clk 0:06:07.2]} 37. f4 {[%clk 0:03:31.7]} 37... exf4 {[%clk 0:06:01]} 38. Qxf4+ {[%clk 0:03:30.6]} 38... Kg7 {[%clk 0:05:58.7]} 39. g5 {[%clk 0:03:27.9]} 39... hxg5 {[%clk 0:05:56.7]} 40. hxg5 {[%clk 0:03:27]} 40... Re6 {[%clk 0:05:49]} 41. Rh6 {[%clk 0:03:19.5]} 41... Rxh6 {[%clk 0:05:47.4]} 42. gxh6+ {[%clk 0:03:18.3]} 42... Kf8 {[%clk 0:05:43.9]} 43. Qf6 {[%clk 0:03:12.4]} 43... a4 {[%clk 0:05:32.5]} 44. Ka2 {[%clk 0:03:10.5]} 44... a3 {[%clk 0:05:29.7]} 45. Kxa3 {[%clk 0:03:09]} 45... Ke8 {[%clk 0:05:25.9]} 46. b4 {[%clk 0:03:07.3]} 46... Kf8 {[%clk 0:05:23.2]} 47. b5 {[%clk 0:03:05.7]} 47... Ke8 {[%clk 0:05:21.8]} 48. Ka4 {[%clk 0:03:04.2]} 48... Kf8 {[%clk 0:05:20.2]} 49. b6 {[%clk 0:03:03.1]} 49... Ke8 {[%clk 0:05:18.3]} 50. b7 {[%clk 0:03:02.3]} 50... Kf8 {[%clk 0:05:17.2]} 51. b8=Q# {[%clk 0:03:01.5]} 1-0",1Q3k2/5p2/5Q1P/8/K3P3/8/8/8 b - -
sudesh2911,udaysirji,white,black,checkmated,win,832,961,blitz,English Defense,14,d2d4,True,"[Event ""Live Chess""]
[Site ""Chess.com""]
[Date ""2020.07.20""]
[Round ""-""]
[White ""sudesh2911""]
[Black ""udaysirji""]
[Result ""0-1""]
[CurrentPosition ""rn2k2r/p1p2ppp/1pb5/3p4/1b4P1/1P2PN2/P1Q1Bn1P/qNBK3R w kq -""]
[Timezone ""UTC""]
[ECO ""A40""]
[ECOUrl ""https://www.chess.com/openings/English-Defense""]
[UTCDate ""2020.07.20""]
[UTCTime ""17:18:12""]
[WhiteElo ""832""]
[BlackElo ""961""]
[TimeControl ""600""]
[Termination ""udaysirji won by checkmate""]
[StartTime ""17:18:12""]
[EndDate ""2020.07.20""]
[EndTime ""17:20:46""]
[Link ""https://www.chess.com/live/game/5178625521""]

1. d4 {[%clk 0:09:58.9]} 1... b6 {[%clk 0:09:56.2]} 2. c3 {[%clk 0:09:57.8]} 2... Bb7 {[%clk 0:09:53.8]} 3. e3 {[%clk 0:09:57]} 3... d5 {[%clk 0:09:46.1]} 4. Qa4+ {[%clk 0:09:54.7]} 4... Bc6 {[%clk 0:09:37.9]} 5. Qc2 {[%clk 0:09:52]} 5... Nf6 {[%clk 0:09:27.2]} 6. g4 {[%clk 0:09:50.4]} 6... Ne4 {[%clk 0:09:12.5]} 7. Be2 {[%clk 0:09:36.4]} 7... e5 {[%clk 0:09:06.1]} 8. b3 {[%clk 0:09:33.4]} 8... exd4 {[%clk 0:09:03.9]} 9. Na3 {[%clk 0:09:24.8]} 9... dxc3 {[%clk 0:08:58.1]} 10. Qd1 {[%clk 0:09:21.1]} 10... Qf6 {[%clk 0:08:55.3]} 11. Nf3 {[%clk 0:09:16.5]} 11... c2 {[%clk 0:08:52.4]} 12. Qxc2 {[%clk 0:09:10.3]} 12... Qxa1 {[%clk 0:08:49.6]} 13. Nb1 {[%clk 0:09:02.1]} 13... Bb4+ {[%clk 0:08:45.3]} 14. Kd1 {[%clk 0:08:54.2]} 14... Nxf2# {[%clk 0:08:39.5]} 0-1",rn2k2r/p1p2ppp/1pb5/3p4/1b4P1/1P2PN2/P1Q1Bn1P/qNBK3R w kq -
sudesh2911,jewelraja,white,black,win,abandoned,907,876,blitz,Queens Pawn Opening 1...d5,12,d2d4,True,"[Event ""Live Chess""]
[Site ""Chess.com""]
[Date ""2020.07.31""]
[Round ""-""]
[White ""sudesh2911""]
[Black ""jewelraja""]
[Result ""1-0""]
[CurrentPosition ""r3kb1r/pp1b1ppp/2p5/3pP3/Q7/NKP1q3/PP2N2P/R1B4n b kq -""]
[Timezone ""UTC""]
[ECO ""D00""]
[ECOUrl ""https://www.chess.com/openings/Queens-Pawn-Opening-1...d5""]
[UTCDate ""2020.07.31""]
[UTCTime ""05:57:13""]
[WhiteElo ""907""]
[BlackElo ""876""]
[TimeControl ""600""]
[Termination ""sudesh2911 won - game abandoned""]
[StartTime ""05:57:13""]
[EndDate ""2020.07.31""]
[EndTime ""06:01:37""]
[Link ""https://www.chess.com/live/game/5229538524""]

1. d4 {[%clk 0:09:58]} 1... d5 {[%clk 0:09:58.2]} 2. c3 {[%clk 0:09:55]} 2... Nf6 {[%clk 0:09:53.9]} 3. Qa4+ {[%clk 0:09:53]} 3... c6 {[%clk 0:09:37.3]} 4. Na3 {[%clk 0:09:48.4]} 4... Nbd7 {[%clk 0:09:32.2]} 5. e3 {[%clk 0:09:41.1]} 5... e5 {[%clk 0:09:30.3]} 6. g4 {[%clk 0:09:33.3]} 6... Nxg4 {[%clk 0:09:21.3]} 7. Bh3 {[%clk 0:09:24.1]} 7... Qh4 {[%clk 0:09:05.1]} 8. Kd1 {[%clk 0:09:00.2]} 8... Nxf2+ {[%clk 0:08:54.6]} 9. Kc2 {[%clk 0:08:55.8]} 9... Nxh1 {[%clk 0:08:51.8]} 10. Bxd7+ {[%clk 0:08:45.8]} 10... Bxd7 {[%clk 0:08:45.6]} 11. Ne2 {[%clk 0:08:36.8]} 11... Qf2 {[%clk 0:08:35.1]} 12. Kb3 {[%clk 0:08:27]} 12... Qxe3 {[%clk 0:08:30]} 13. dxe5 {[%clk 0:08:22.1]} 1-0",r3kb1r/pp1b1ppp/2p5/3pP3/Q7/NKP1q3/PP2N2P/R1B4n b kq -
sudesh2911,Sanjz18,black,white,checkmated,win,907,1491,blitz,Kings Pawn Opening Kings Knight Damiano Defense,10,e2e4,False,"[Event ""Live Chess""]
[Site ""Chess.com""]
[Date ""2020.07.31""]
[Round ""-""]
[White ""Sanjz18""]
[Black ""sudesh2911""]
[Result ""1-0""]
[CurrentPosition ""r1bq1b1r/pppp1Q1p/2nk1p2/1N2p1p1/2BPP3/7P/PPP2PP1/R3K2R b KQ -""]
[Timezone ""UTC""]
[ECO ""C40""]
[ECOUrl ""https://www.chess.com/openings/Kings-Pawn-Opening-Kings-Knight-Damiano-Defense""]
[UTCDate ""2020.07.31""]
[UTCTime ""06:12:51""]
[WhiteElo ""1491""]
[BlackElo ""907""]
[TimeControl ""300+5""]
[Termination ""Sanjz18 won by checkmate""]
[StartTime ""06:12:51""]
[EndDate ""2020.07.31""]
[EndTime ""06:16:59""]
[Link ""https://www.chess.com/live/game/5229580539""]

1. e4 {[%clk 0:05:02.8]} 1... e5 {[%clk 0:05:02.4]} 2. Nf3 {[%clk 0:05:06]} 2... f6 {[%clk 0:04:59.2]} 3. Nc3 {[%clk 0:05:03.7]} 3... Nc6 {[%clk 0:04:59.8]} 4. Bc4 {[%clk 0:04:46.7]} 4... Nh6 {[%clk 0:05:00.4]} 5. d4 {[%clk 0:04:36.8]} 5... Ng4 {[%clk 0:05:02.9]} 6. h3 {[%clk 0:03:56.9]} 6... Nh6 {[%clk 0:05:04.8]} 7. Bxh6 {[%clk 0:03:32]} 7... gxh6 {[%clk 0:04:53]} 8. Ng5 {[%clk 0:02:55.4]} 8... hxg5 {[%clk 0:04:49.6]} 9. Qh5+ {[%clk 0:02:58.1]} 9... Ke7 {[%clk 0:04:44]} 10. Qf7+ {[%clk 0:03:01.7]} 10... Kd6 {[%clk 0:04:37.1]} 11. Nb5# {[%clk 0:03:05.2]} 1-0",r1bq1b1r/pppp1Q1p/2nk1p2/1N2p1p1/2BPP3/7P/PPP2PP1/R3K2R b KQ -
sudesh2911,jseb63,black,white,stalemate,stalemate,906,902,blitz,Kings Pawn Opening Kings Head Opening,71,e2e4,True,"[Event ""Live Chess""]
[Site ""Chess.com""]
[Date ""2020.07.31""]
[Round ""-""]
[White ""jseb63""]
[Black ""sudesh2911""]
[Result ""1/2-1/2""]
[CurrentPosition ""2k5/8/1KBQ4/8/P5P1/8/8/8 b - -""]
[Timezone ""UTC""]
[ECO ""C20""]
[ECOUrl ""https://www.chess.com/openings/Kings-Pawn-Opening-Kings-Head-Opening""]
[UTCDate ""2020.07.31""]
[UTCTime ""06:30:32""]
[WhiteElo ""902""]
[BlackElo ""906""]
[TimeControl ""600""]
[Termination ""Game drawn by stalemate""]
[StartTime ""06:30:32""]
[EndDate ""2020.07.31""]
[EndTime ""06:48:48""]
[Link ""https://www.chess.com/live/game/5229628037""]

1. e4 {[%clk 0:09:48.8]} 1... e5 {[%clk 0:09:57.9]} 2. f3 {[%clk 0:09:48]} 2... f6 {[%clk 0:09:55.6]} 3. d3 {[%clk 0:09:41.1]} 3... d6 {[%clk 0:09:53.2]} 4. c3 {[%clk 0:09:40.4]} 4... c5 {[%clk 0:09:51]} 5. Qa4+ {[%clk 0:09:31.4]} 5... Bd7 {[%clk 0:09:46.9]} 6. Qc4 {[%clk 0:09:29.1]} 6... Na6 {[%clk 0:09:34.1]} 7. Qd5 {[%clk 0:09:19.4]} 7... Nc7 {[%clk 0:09:27.5]} 8. Qxb7 {[%clk 0:09:17.3]} 8... Ne6 {[%clk 0:09:15.1]} 9. Ne2 {[%clk 0:09:04.3]} 9... Qb8 {[%clk 0:09:10.2]} 10. Qd5 {[%clk 0:09:01.3]} 10... Ng5 {[%clk 0:08:58.8]} 11. h4 {[%clk 0:08:25.6]} 11... Ne6 {[%clk 0:08:49.2]} 12. Ng3 {[%clk 0:08:03.7]} 12... g5 {[%clk 0:08:31.5]} 13. Nf5 {[%clk 0:07:57.4]} 13... Ne7 {[%clk 0:08:13.7]} 14. Nxd6+ {[%clk 0:07:52]} 14... Kd8 {[%clk 0:08:07]} 15. Nf7+ {[%clk 0:07:47.6]} 15... Ke8 {[%clk 0:07:56.8]} 16. Nxh8 {[%clk 0:07:36]} 16... Nxd5 {[%clk 0:07:54]} 17. exd5 {[%clk 0:07:35]} 17... Ng7 {[%clk 0:07:49.7]} 18. hxg5 {[%clk 0:07:29.9]} 18... fxg5 {[%clk 0:07:46.6]} 19. Bxg5 {[%clk 0:07:29.3]} 19... Bb5 {[%clk 0:07:36.7]} 20. c4 {[%clk 0:07:20]} 20... Bd7 {[%clk 0:07:31.2]} 21. g3 {[%clk 0:06:59.5]} 21... Qxb2 {[%clk 0:07:25.3]} 22. Be2 {[%clk 0:06:44.5]} 22... Qb6 {[%clk 0:07:19.9]} 23. f4 {[%clk 0:06:06.2]} 23... Ba4 {[%clk 0:06:53.6]} 24. Rxh7 {[%clk 0:05:49.3]} 24... Ne6 {[%clk 0:06:41.2]} 25. dxe6 {[%clk 0:05:35.7]} 25... Qxe6 {[%clk 0:06:32.8]} 26. Bh6 {[%clk 0:05:12.1]} 26... Bxh6 {[%clk 0:06:29.4]} 27. Bh5+ {[%clk 0:05:06.4]} 27... Kd8 {[%clk 0:06:21.3]} 28. Nf7+ {[%clk 0:05:02.7]} 28... Kd7 {[%clk 0:06:14.5]} 29. Nxe5+ {[%clk 0:04:56]} 29... Kd6 {[%clk 0:06:06.6]} 30. Bf7 {[%clk 0:04:37.8]} 30... Qf6 {[%clk 0:05:39.9]} 31. Nc3 {[%clk 0:04:05.9]} 31... Bc2 {[%clk 0:05:27.8]} 32. Nb5+ {[%clk 0:03:50.9]} 32... Ke7 {[%clk 0:05:19.9]} 33. Bd5+ {[%clk 0:03:32.1]} 33... Kd8 {[%clk 0:05:02.7]} 34. Bxa8 {[%clk 0:03:17.6]} 34... Qg7 {[%clk 0:04:59.1]} 35. Nc6+ {[%clk 0:03:07.7]} 35... Ke8 {[%clk 0:04:54.5]} 36. Nd6+ {[%clk 0:03:01.7]} 36... Kf8 {[%clk 0:04:44.9]} 37. Rxg7 {[%clk 0:02:56.2]} 37... Bxg7 {[%clk 0:04:43.2]} 38. Nf5 {[%clk 0:02:47.6]} 38... Bxa1 {[%clk 0:04:35.7]} 39. Nxa7 {[%clk 0:02:44.5]} 39... Bxd3 {[%clk 0:04:29.5]} 40. g4 {[%clk 0:02:34.7]} 40... Bxc4 {[%clk 0:04:26.7]} 41. Nc6 {[%clk 0:02:23.2]} 41... Bb5 {[%clk 0:04:22.1]} 42. Ne5 {[%clk 0:02:10.5]} 42... Bxe5 {[%clk 0:04:19]} 43. fxe5 {[%clk 0:02:09.9]} 43... c4 {[%clk 0:04:13.5]} 44. e6 {[%clk 0:02:03.5]} 44... c3 {[%clk 0:04:06.5]} 45. e7+ {[%clk 0:01:37.3]} 45... Ke8 {[%clk 0:03:56.8]} 46. Kd1 {[%clk 0:01:24.5]} 46... Bd3 {[%clk 0:03:40.8]} 47. Bc6+ {[%clk 0:01:17.8]} 47... Kf7 {[%clk 0:03:37.1]} 48. e8=Q+ {[%clk 0:01:14.3]} 48... Kf6 {[%clk 0:03:27]} 49. Qh8+ {[%clk 0:01:07.5]} 49... Kg6 {[%clk 0:03:20.8]} 50. Qh6+ {[%clk 0:01:02.4]} 50... Kf7 {[%clk 0:03:13.9]} 51. Bd5+ {[%clk 0:01:01.6]} 51... Ke8 {[%clk 0:03:06.5]} 52. Be6 {[%clk 0:00:50.3]} 52... Bxf5 {[%clk 0:02:54.5]} 53. Bxf5 {[%clk 0:00:47.6]} 53... Kd8 {[%clk 0:02:47.7]} 54. Qf6+ {[%clk 0:00:46.2]} 54... Kc7 {[%clk 0:02:44]} 55. Qe5+ {[%clk 0:00:42.5]} 55... Kb6 {[%clk 0:02:41.9]} 56. Qxc3 {[%clk 0:00:38.4]} 56... Kb5 {[%clk 0:02:39.2]} 57. a3 {[%clk 0:00:37]} 57... Kb6 {[%clk 0:02:37.3]} 58. Qb4+ {[%clk 0:00:35.9]} 58... Kc6 {[%clk 0:02:35.9]} 59. Be4+ {[%clk 0:00:34.5]} 59... Kd7 {[%clk 0:02:34.1]} 60. Qc4 {[%clk 0:00:32.8]} 60... Ke7 {[%clk 0:02:32.3]} 61. Qd5 {[%clk 0:00:28.9]} 61... Kf6 {[%clk 0:02:29.3]} 62. Qf5+ {[%clk 0:00:27.2]} 62... Ke7 {[%clk 0:02:26.6]} 63. Bd5 {[%clk 0:00:24.3]} 63... Kd6 {[%clk 0:02:24.6]} 64. Qe6+ {[%clk 0:00:22.1]} 64... Kc7 {[%clk 0:02:22.3]} 65. a4 {[%clk 0:00:18.5]} 65... Kd8 {[%clk 0:02:16.7]} 66. Kc2 {[%clk 0:00:18.4]} 66... Kc7 {[%clk 0:02:14.8]} 67. Kc3 {[%clk 0:00:18]} 67... Kd8 {[%clk 0:02:13.1]} 68. Kc4 {[%clk 0:00:17.9]} 68... Kc7 {[%clk 0:02:11.4]} 69. Kc5 {[%clk 0:00:17.8]} 69... Kb8 {[%clk 0:02:09.5]} 70. Bc6 {[%clk 0:00:17]} 70... Kc7 {[%clk 0:02:08.1]} 71. Qd6+ {[%clk 0:00:15.7]} 71... Kc8 {[%clk 0:02:05]} 72. Kb6 {[%clk 0:00:15.2]} 1/2-1/2",2k5/8/1KBQ4/8/P5P1/8/8/8 b - -
sudesh2911,tyrange,white,black,resigned,win,871,1006,blitz,Kings Pawn Opening The Whale Variation,46,c2c4,True,"[Event ""Live Chess""]
[Site ""Chess.com""]
[Date ""2020.07.31""]
[Round ""-""]
[White ""sudesh2911""]
[Black ""tyrange""]
[Result ""0-1""]
[CurrentPosition ""rn3rk1/p1p3p1/1p1p4/8/5q2/3K3q/8/8 w - -""]
[Timezone ""UTC""]
[ECO ""C20""]
[ECOUrl ""https://www.chess.com/openings/Kings-Pawn-Opening-The-Whale-Variation""]
[UTCDate ""2020.07.31""]
[UTCTime ""06:50:57""]
[WhiteElo ""871""]
[BlackElo ""1006""]
[TimeControl ""600""]
[Termination ""tyrange won by resignation""]
[StartTime ""06:50:57""]
[EndDate ""2020.07.31""]
[EndTime ""07:03:27""]
[Link ""https://www.chess.com/live/game/5229684202""]

1. c4 {[%clk 0:09:56.4]} 1... e5 {[%clk 0:09:40.8]} 2. e4 {[%clk 0:09:53.7]} 2... Bc5 {[%clk 0:09:20.5]} 3. g3 {[%clk 0:09:40.2]} 3... Nf6 {[%clk 0:09:04.2]} 4. Nf3 {[%clk 0:09:36.6]} 4... d6 {[%clk 0:09:00.5]} 5. Ng5 {[%clk 0:09:33]} 5... h6 {[%clk 0:08:44]} 6. Nf3 {[%clk 0:09:30]} 6... Nxe4 {[%clk 0:08:35.9]} 7. Bd3 {[%clk 0:09:19.2]} 7... Nxf2 {[%clk 0:08:26.2]} 8. Qa4+ {[%clk 0:08:49.1]} 8... Bd7 {[%clk 0:08:17.9]} 9. Qc2 {[%clk 0:08:39.9]} 9... Nxh1 {[%clk 0:08:11.6]} 10. Ng1 {[%clk 0:08:34]} 10... Bxg1 {[%clk 0:08:05.7]} 11. Ke2 {[%clk 0:08:26.5]} 11... Bg4+ {[%clk 0:07:52.7]} 12. Kf1 {[%clk 0:08:22.9]} 12... Bxh2 {[%clk 0:07:29.3]} 13. Qa4+ {[%clk 0:08:19]} 13... Bd7 {[%clk 0:07:11.7]} 14. Qd1 {[%clk 0:07:55.1]} 14... Bxg3 {[%clk 0:06:42.4]} 15. Nc3 {[%clk 0:07:46.9]} 15... Bf4 {[%clk 0:06:16]} 16. Nd5 {[%clk 0:07:32.9]} 16... Ng3+ {[%clk 0:06:06.1]} 17. Ke1 {[%clk 0:07:27.4]} 17... Qh4 {[%clk 0:06:00.5]} 18. Nxf4 {[%clk 0:07:24.5]} 18... Nf5+ {[%clk 0:05:21.1]} 19. Ke2 {[%clk 0:07:06.2]} 19... Qxf4 {[%clk 0:05:18.7]} 20. Qf1 {[%clk 0:06:56.7]} 20... Ng3+ {[%clk 0:05:10.4]} 21. Kd1 {[%clk 0:06:32.1]} 21... Nxf1 {[%clk 0:05:07.2]} 22. Kc2 {[%clk 0:06:27.2]} 22... Bf5 {[%clk 0:04:56.2]} 23. Bxf5 {[%clk 0:06:14.7]} 23... Qxf5+ {[%clk 0:04:53.6]} 24. d3 {[%clk 0:06:07.7]} 24... Qf2+ {[%clk 0:04:43.8]} 25. Kb3 {[%clk 0:06:05]} 25... Nd2+ {[%clk 0:04:36.8]} 26. Bxd2 {[%clk 0:06:02.2]} 26... Qxd2 {[%clk 0:04:35.6]} 27. a3 {[%clk 0:05:52.8]} 27... Qxd3+ {[%clk 0:04:33.5]} 28. Ka2 {[%clk 0:05:48.3]} 28... Qxc4+ {[%clk 0:04:27.3]} 29. Kb1 {[%clk 0:05:41.2]} 29... O-O {[%clk 0:04:22.2]} 30. Ra2 {[%clk 0:05:24.2]} 30... h5 {[%clk 0:04:20.3]} 31. b3 {[%clk 0:05:14]} 31... Qxb3+ {[%clk 0:04:16.4]} 32. Ka1 {[%clk 0:05:08]} 32... h4 {[%clk 0:04:10]} 33. Rb2 {[%clk 0:05:01.7]} 33... Qxa3+ {[%clk 0:04:06.6]} 34. Kb1 {[%clk 0:04:58.8]} 34... b6 {[%clk 0:04:01.8]} 35. Ra2 {[%clk 0:04:54.9]} 35... Qxa2+ {[%clk 0:03:55.1]} 36. Kxa2 {[%clk 0:04:52.9]} 36... h3 {[%clk 0:03:54.5]} 37. Kb2 {[%clk 0:04:50.5]} 37... h2 {[%clk 0:03:54.2]} 38. Kc2 {[%clk 0:04:48.7]} 38... h1=Q {[%clk 0:03:53.4]} 39. Kd2 {[%clk 0:04:47.6]} 39... f5 {[%clk 0:03:52.1]} 40. Ke2 {[%clk 0:04:46.1]} 40... f4 {[%clk 0:03:50.1]} 41. Kf2 {[%clk 0:04:44.7]} 41... f3 {[%clk 0:03:47.4]} 42. Ke3 {[%clk 0:04:38]} 42... e4 {[%clk 0:03:43.8]} 43. Kxe4 {[%clk 0:04:36.3]} 43... f2+ {[%clk 0:03:42.5]} 44. Ke3 {[%clk 0:04:35.1]} 44... f1=Q {[%clk 0:03:36.6]} 45. Kd4 {[%clk 0:04:30.8]} 45... Qf4+ {[%clk 0:03:29]} 46. Kd3 {[%clk 0:04:28.6]} 46... Qh3+ {[%clk 0:03:27.1]} 0-1",rn3rk1/p1p3p1/1p1p4/8/5q2/3K3q/8/8 w - -
sudesh2911,Robert87aldea,white,black,checkmated,win,835,932,blitz,Kings Pawn Opening The Whale Variation,25,c2c4,True,"[Event ""Live Chess""]
[Site ""Chess.com""]
[Date ""2020.07.31""]
[Round ""-""]
[White ""sudesh2911""]
[Black ""Robert87aldea""]
[Result ""0-1""]
[CurrentPosition ""rn2k2r/pp3ppp/1bpp4/2P5/1P2b3/8/7P/Kq5n w kq -""]
[Timezone ""UTC""]
[ECO ""C20""]
[ECOUrl ""https://www.chess.com/openings/Kings-Pawn-Opening-The-Whale-Variation""]
[UTCDate ""2020.07.31""]
[UTCTime ""08:06:51""]
[WhiteElo ""835""]
[BlackElo ""932""]
[TimeControl ""600""]
[Termination ""Robert87aldea won by checkmate""]
[StartTime ""08:06:51""]
[EndDate ""2020.07.31""]
[EndTime ""08:12:25""]
[Link ""https://www.chess.com/live/game/5229893590""]

1. c4 {[%clk 0:09:56.4]} 1... e5 {[%clk 0:09:57.3]} 2. e4 {[%clk 0:09:54]} 2... Bc5 {[%clk 0:09:55.9]} 3. d3 {[%clk 0:09:45.4]} 3... Qf6 {[%clk 0:09:53.9]} 4. Be2 {[%clk 0:09:38.2]} 4... Qxf2+ {[%clk 0:09:48.3]} 5. Kd2 {[%clk 0:09:26.4]} 5... Qxg2 {[%clk 0:09:38.5]} 6. Nf3 {[%clk 0:09:22.2]} 6... Nf6 {[%clk 0:09:13.7]} 7. Nxe5 {[%clk 0:09:13.1]} 7... d6 {[%clk 0:09:03]} 8. Nf3 {[%clk 0:09:06.6]} 8... Ng4 {[%clk 0:08:58]} 9. Ng5 {[%clk 0:08:55.2]} 9... Nf2 {[%clk 0:08:47.8]} 10. Qa4+ {[%clk 0:08:50.3]} 10... c6 {[%clk 0:08:43.8]} 11. Qa5 {[%clk 0:08:43]} 11... Nxh1 {[%clk 0:08:28.5]} 12. Na3 {[%clk 0:08:35.7]} 12... Qxg5+ {[%clk 0:08:26.1]} 13. Kc3 {[%clk 0:08:22.2]} 13... Qg2 {[%clk 0:08:08.5]} 14. b4 {[%clk 0:08:07.6]} 14... Bb6 {[%clk 0:07:58.3]} 15. Qf5 {[%clk 0:07:58.4]} 15... Bxf5 {[%clk 0:07:55.5]} 16. Nc2 {[%clk 0:07:48.8]} 16... Qxe2 {[%clk 0:07:52.1]} 17. Ne1 {[%clk 0:07:41.2]} 17... Qxe1+ {[%clk 0:07:49.2]} 18. Bd2 {[%clk 0:07:38.8]} 18... Qxa1+ {[%clk 0:07:46.4]} 19. Kc2 {[%clk 0:07:36.3]} 19... Qxa2+ {[%clk 0:07:38]} 20. Kc1 {[%clk 0:07:34]} 20... Qa3+ {[%clk 0:07:31]} 21. Kb1 {[%clk 0:07:31.9]} 21... Qxd3+ {[%clk 0:07:28.6]} 22. Kb2 {[%clk 0:07:29.2]} 22... Qxd2+ {[%clk 0:07:27.2]} 23. Kb1 {[%clk 0:07:27.4]} 23... Bxe4+ {[%clk 0:07:25.7]} 24. Ka1 {[%clk 0:07:26.1]} 24... Qc2 {[%clk 0:07:21.5]} 25. c5 {[%clk 0:07:18.8]} 25... Qb1# {[%clk 0:07:20.4]} 0-1",rn2k2r/pp3ppp/1bpp4/2P5/1P2b3/8/7P/Kq5n w kq -
sudesh2911,om415,white,black,checkmated,win,804,904,blitz,Queens Pawn Opening 1...d5 2.e3,9,d2d4,True,"[Event ""Live Chess""]
[Site ""Chess.com""]
[Date ""2020.07.31""]
[Round ""-""]
[White ""sudesh2911""]
[Black ""om415""]
[Result ""0-1""]
[CurrentPosition ""rn2kb1r/pp3ppp/2p1p3/3P4/Q1NPn1b1/4P3/PP3qPP/R1B1KB1R w KQkq -""]
[Timezone ""UTC""]
[ECO ""D00""]
[ECOUrl ""https://www.chess.com/openings/Queens-Pawn-Opening-1...d5-2.e3""]
[UTCDate ""2020.07.31""]
[UTCTime ""09:30:04""]
[WhiteElo ""804""]
[BlackElo ""904""]
[TimeControl ""600""]
[Termination ""om415 won by checkmate""]
[StartTime ""09:30:04""]
[EndDate ""2020.07.31""]
[EndTime ""09:32:08""]
[Link ""https://www.chess.com/live/game/5230136717""]

1. d4 {[%clk 0:09:59.9]} 1... d5 {[%clk 0:09:59.4]} 2. e3 {[%clk 0:09:57.7]} 2... Bf5 {[%clk 0:09:57.4]} 3. c4 {[%clk 0:09:49.2]} 3... e6 {[%clk 0:09:51.3]} 4. Na3 {[%clk 0:09:44.9]} 4... Nf6 {[%clk 0:09:42.1]} 5. Nf3 {[%clk 0:09:34.9]} 5... Ne4 {[%clk 0:09:37.2]} 6. Nh4 {[%clk 0:09:28.1]} 6... Qxh4 {[%clk 0:09:32.1]} 7. Qa4+ {[%clk 0:09:25.1]} 7... c6 {[%clk 0:09:28.1]} 8. cxd5 {[%clk 0:09:14.9]} 8... Bg4 {[%clk 0:09:19.2]} 9. Nc4 {[%clk 0:08:46.3]} 9... Qxf2# {[%clk 0:09:14.6]} 0-1",rn2kb1r/pp3ppp/2p1p3/3P4/Q1NPn1b1/4P3/PP3qPP/R1B1KB1R w KQkq -
sudesh2911,Dhiraj75,black,white,checkmated,win,777,900,blitz,Vant Kruijs Opening 1...d5,16,e2e3,True,"[Event ""Live Chess""]
[Site ""Chess.com""]
[Date ""2020.08.23""]
[Round ""-""]
[White ""Dhiraj75""]
[Black ""sudesh2911""]
[Result ""1-0""]
[CurrentPosition ""1r1k1b1r/2pQp2p/8/p5p1/B2P4/4P3/PP3PPP/R1B1K2R b KQ -""]
[Timezone ""UTC""]
[ECO ""A00""]
[ECOUrl ""https://www.chess.com/openings/Vant-Kruijs-Opening-1...d5""]
[UTCDate ""2020.08.23""]
[UTCTime ""13:30:43""]
[WhiteElo ""900""]
[BlackElo ""777""]
[TimeControl ""600""]
[Termination ""Dhiraj75 won by checkmate""]
[StartTime ""13:30:43""]
[EndDate ""2020.08.23""]
[EndTime ""13:34:54""]
[Link ""https://www.chess.com/live/game/5338825637""]

1. e3 {[%clk 0:09:58.8]} 1... d5 {[%clk 0:09:58.9]} 2. Nf3 {[%clk 0:09:49.6]} 2... f5 {[%clk 0:09:56.6]} 3. Ne5 {[%clk 0:09:19.4]} 3... Nf6 {[%clk 0:09:51.6]} 4. Qf3 {[%clk 0:08:47.7]} 4... Nc6 {[%clk 0:09:47.8]} 5. Nxc6 {[%clk 0:08:35.7]} 5... bxc6 {[%clk 0:09:46.9]} 6. d4 {[%clk 0:08:27.1]} 6... Nh5 {[%clk 0:09:40]} 7. Qxh5+ {[%clk 0:08:23]} 7... Kd7 {[%clk 0:09:33.7]} 8. Qxf5+ {[%clk 0:08:18.9]} 8... Ke8 {[%clk 0:09:29.6]} 9. Qf3 {[%clk 0:08:17.3]} 9... Rb8 {[%clk 0:09:18.5]} 10. c4 {[%clk 0:08:11.9]} 10... a5 {[%clk 0:09:12.6]} 11. cxd5 {[%clk 0:08:10.1]} 11... cxd5 {[%clk 0:09:11.2]} 12. Nc3 {[%clk 0:08:05.6]} 12... Qd6 {[%clk 0:09:01.7]} 13. Bb5+ {[%clk 0:07:53.3]} 13... Kd8 {[%clk 0:08:56.9]} 14. Ba4 {[%clk 0:07:39.3]} 14... g5 {[%clk 0:08:47]} 15. Nxd5 {[%clk 0:07:34.4]} 15... Qxd5 {[%clk 0:08:44.7]} 16. Qxd5+ {[%clk 0:07:31.8]} 16... Bd7 {[%clk 0:08:27.5]} 17. Qxd7# {[%clk 0:07:30.4]} 1-0",1r1k1b1r/2pQp2p/8/p5p1/B2P4/4P3/PP3PPP/R1B1K2R b KQ -
sudesh2911,Elmax19,black,white,checkmated,win,653,833,rapid,Queens Gambit Declined Baltic Defense,36,d2d4,True,"[Event ""Live Chess""]
[Site ""Chess.com""]
[Date ""2020.11.02""]
[Round ""-""]
[White ""Elmax19""]
[Black ""sudesh2911""]
[Result ""1-0""]
[CurrentPosition ""8/7k/6R1/7Q/8/1P6/P4P1P/3K4 b - -""]
[Timezone ""UTC""]
[ECO ""D06""]
[ECOUrl ""https://www.chess.com/openings/Queens-Gambit-Declined-Baltic-Defense""]
[UTCDate ""2020.11.02""]
[UTCTime ""11:40:08""]
[WhiteElo ""833""]
[BlackElo ""653""]
[TimeControl ""600""]
[Termination ""Elmax19 won by checkmate""]
[StartTime ""11:40:08""]
[EndDate ""2020.11.02""]
[EndTime ""11:49:33""]
[Link ""https://www.chess.com/live/game/5673787836""]

1. d4 {[%clk 0:09:59.9]} 1... d5 {[%clk 0:09:56]} 2. c4 {[%clk 0:09:59]} 2... Bf5 {[%clk 0:09:49.7]} 3. Bg5 {[%clk 0:09:44.4]} 3... Bxb1 {[%clk 0:09:45.2]} 4. Qxb1 {[%clk 0:09:39.5]} 4... f6 {[%clk 0:09:37.2]} 5. Bf4 {[%clk 0:09:35.3]} 5... g5 {[%clk 0:09:33.9]} 6. Bd2 {[%clk 0:09:29]} 6... Nh6 {[%clk 0:09:25.6]} 7. b3 {[%clk 0:09:10.2]} 7... e5 {[%clk 0:09:22.3]} 8. e3 {[%clk 0:08:55.1]} 8... exd4 {[%clk 0:09:19.3]} 9. exd4 {[%clk 0:08:53.6]} 9... Qe7+ {[%clk 0:09:14.6]} 10. Ne2 {[%clk 0:08:44.5]} 10... Qd7 {[%clk 0:08:59.5]} 11. Nc3 {[%clk 0:08:27.6]} 11... Nc6 {[%clk 0:08:57.1]} 12. cxd5 {[%clk 0:08:17.1]} 12... Nxd4 {[%clk 0:08:54.5]} 13. Be3 {[%clk 0:07:51.5]} 13... Qxd5 {[%clk 0:08:47.2]} 14. Nxd5 {[%clk 0:07:48]} 14... c6 {[%clk 0:08:32.9]} 15. Nxf6+ {[%clk 0:07:43.4]} 15... Kf7 {[%clk 0:08:24]} 16. Nd7 {[%clk 0:07:32.7]} 16... Ndf5 {[%clk 0:08:09]} 17. Bxg5 {[%clk 0:07:20.1]} 17... Rd8 {[%clk 0:07:48.9]} 18. Bxd8 {[%clk 0:07:10.8]} 18... Rg8 {[%clk 0:07:46.6]} 19. Bc4+ {[%clk 0:06:57.3]} 19... Kg7 {[%clk 0:07:40.6]} 20. Bxg8 {[%clk 0:06:55.6]} 20... Kxg8 {[%clk 0:07:37.2]} 21. g4 {[%clk 0:06:45.3]} 21... Nh4 {[%clk 0:07:31.8]} 22. g5 {[%clk 0:06:31.9]} 22... Ng4 {[%clk 0:07:26.3]} 23. Nf6+ {[%clk 0:06:09.2]} 23... Nxf6 {[%clk 0:07:20.9]} 24. Bxf6 {[%clk 0:06:07.6]} 24... b5 {[%clk 0:07:00.2]} 25. g6 {[%clk 0:05:57.7]} 25... hxg6 {[%clk 0:06:57.3]} 26. Bxh4 {[%clk 0:05:56.4]} 26... a5 {[%clk 0:06:52.1]} 27. Qxg6+ {[%clk 0:05:52.3]} 27... Bg7 {[%clk 0:06:43.2]} 28. Qxc6 {[%clk 0:05:49.7]} 28... Kf7 {[%clk 0:06:39.7]} 29. Qxb5 {[%clk 0:05:43.9]} 29... Ke6 {[%clk 0:06:35]} 30. Qxa5 {[%clk 0:05:41.9]} 30... Bxa1 {[%clk 0:06:31.7]} 31. Kd1 {[%clk 0:05:31.9]} 31... Bf6 {[%clk 0:06:23.5]} 32. Bxf6 {[%clk 0:05:29.9]} 32... Kxf6 {[%clk 0:06:22.2]} 33. Re1 {[%clk 0:05:19.9]} 33... Kg6 {[%clk 0:06:18]} 34. Re6+ {[%clk 0:05:10.7]} 34... Kf7 {[%clk 0:06:10.8]} 35. Qf5+ {[%clk 0:05:01.7]} 35... Kg7 {[%clk 0:06:03.1]} 36. Rg6+ {[%clk 0:04:57.6]} 36... Kh7 {[%clk 0:05:57.3]} 37. Qh5# {[%clk 0:04:56.5]} 1-0",8/7k/6R1/7Q/8/1P6/P4P1P/3K4 b - -
sudesh2911,ayushvyasindia,black,white,checkmated,win,537,619,rapid,Bishops Opening Khan Gambit,52,e2e4,True,"[Event ""Live Chess""]
[Site ""Chess.com""]
[Date ""2020.11.02""]
[Round ""-""]
[White ""ayushvyasindia""]
[Black ""sudesh2911""]
[Result ""1-0""]
[CurrentPosition ""8/8/8/8/k7/7P/1Q1B4/R5K1 b - -""]
[Timezone ""UTC""]
[ECO ""C23""]
[ECOUrl ""https://www.chess.com/openings/Bishops-Opening-Khan-Gambit""]
[UTCDate ""2020.11.02""]
[UTCTime ""11:50:44""]
[WhiteElo ""619""]
[BlackElo ""537""]
[TimeControl ""600""]
[Termination ""ayushvyasindia won by checkmate""]
[StartTime ""11:50:44""]
[EndDate ""2020.11.02""]
[EndTime ""12:03:30""]
[Link ""https://www.chess.com/live/game/5673827207""]

1. e4 {[%clk 0:09:59.9]} 1... e5 {[%clk 0:09:59.9]} 2. Bc4 {[%clk 0:09:47.5]} 2... d5 {[%clk 0:09:52.9]} 3. Bb5+ {[%clk 0:09:35.6]} 3... Bd7 {[%clk 0:09:43.6]} 4. Bd3 {[%clk 0:09:28.9]} 4... dxe4 {[%clk 0:09:40.7]} 5. Bxe4 {[%clk 0:09:26.1]} 5... Nf6 {[%clk 0:09:29.9]} 6. f3 {[%clk 0:09:21.5]} 6... Bc5 {[%clk 0:09:22.5]} 7. d3 {[%clk 0:09:07.2]} 7... Bxg1 {[%clk 0:09:20.1]} 8. Rxg1 {[%clk 0:09:05.3]} 8... g5 {[%clk 0:09:10.3]} 9. Qe2 {[%clk 0:08:58.4]} 9... Rg8 {[%clk 0:09:05.1]} 10. Bxh7 {[%clk 0:08:50.1]} 10... Rh8 {[%clk 0:09:00.1]} 11. Be4 {[%clk 0:08:45.7]} 11... Rxh2 {[%clk 0:08:51.6]} 12. Nc3 {[%clk 0:08:27.7]} 12... Rh6 {[%clk 0:08:43.3]} 13. Qe3 {[%clk 0:08:22.4]} 13... Bc6 {[%clk 0:08:36]} 14. Qxg5 {[%clk 0:08:16.1]} 14... Rh8 {[%clk 0:08:22.3]} 15. b3 {[%clk 0:07:49.4]} 15... Bxe4 {[%clk 0:08:11.5]} 16. fxe4 {[%clk 0:07:46.9]} 16... Rg8 {[%clk 0:07:58.2]} 17. Qxe5+ {[%clk 0:07:32.9]} 17... Kf8 {[%clk 0:07:30.4]} 18. Nd5 {[%clk 0:07:21]} 18... Nxd5 {[%clk 0:07:27.5]} 19. exd5 {[%clk 0:07:15.8]} 19... Rg5 {[%clk 0:07:18.2]} 20. Qe4 {[%clk 0:07:01]} 20... Rxd5 {[%clk 0:07:15.6]} 21. c4 {[%clk 0:06:47.3]} 21... Rd7 {[%clk 0:07:11.8]} 22. Kf2 {[%clk 0:06:33.5]} 22... Rxd3 {[%clk 0:07:05.2]} 23. Rh1 {[%clk 0:06:10.7]} 23... Qd4+ {[%clk 0:06:52.9]} 24. Qxd4 {[%clk 0:05:55.8]} 24... Rxd4 {[%clk 0:06:50.2]} 25. Rh8+ {[%clk 0:05:52.9]} 25... Kg7 {[%clk 0:06:47.4]} 26. Rh3 {[%clk 0:05:46.7]} 26... Rd1 {[%clk 0:06:38.6]} 27. Bh6+ {[%clk 0:05:39.8]} 27... Kg6 {[%clk 0:06:35.3]} 28. Rxd1 {[%clk 0:05:29.9]} 28... Na6 {[%clk 0:06:31.4]} 29. a3 {[%clk 0:05:20.3]} 29... Nc5 {[%clk 0:06:21.8]} 30. b4 {[%clk 0:05:13]} 30... Nb3 {[%clk 0:06:17.6]} 31. Rd7 {[%clk 0:05:02.8]} 31... Re8 {[%clk 0:06:10.7]} 32. Rxc7 {[%clk 0:04:53.8]} 32... f5 {[%clk 0:05:59.2]} 33. Rxb7 {[%clk 0:04:49.4]} 33... a6 {[%clk 0:05:59.1]} 34. Rb6+ {[%clk 0:04:42.8]} 34... Kf7 {[%clk 0:05:55.1]} 35. Rxa6 {[%clk 0:04:39]} 35... Nc1 {[%clk 0:05:47.6]} 36. Ra5 {[%clk 0:04:33.4]} 36... Nd3+ {[%clk 0:05:43.5]} 37. Kg1 {[%clk 0:04:29.5]} 37... Ne1 {[%clk 0:05:40]} 38. Rxf5+ {[%clk 0:04:22.6]} 38... Kg6 {[%clk 0:05:33.9]} 39. Rf1 {[%clk 0:04:10.5]} 39... Rh8 {[%clk 0:05:31.9]} 40. Bd2 {[%clk 0:04:03]} 40... Rxh3 {[%clk 0:05:29.6]} 41. gxh3 {[%clk 0:03:58.6]} 41... Nc2 {[%clk 0:05:23.7]} 42. b5 {[%clk 0:03:53.2]} 42... Nxa3 {[%clk 0:05:21.8]} 43. b6 {[%clk 0:03:50.6]} 43... Nxc4 {[%clk 0:05:19.8]} 44. b7 {[%clk 0:03:49.1]} 44... Ne5 {[%clk 0:04:53.5]} 45. b8=Q {[%clk 0:03:44.9]} 45... Nd7 {[%clk 0:04:52]} 46. Qc7 {[%clk 0:03:39.8]} 46... Nf6 {[%clk 0:04:46.2]} 47. Qd6 {[%clk 0:03:34.7]} 47... Kf7 {[%clk 0:04:41.3]} 48. Qxf6+ {[%clk 0:03:31.6]} 48... Ke8 {[%clk 0:04:37.8]} 49. Re1+ {[%clk 0:03:26.1]} 49... Kd7 {[%clk 0:04:36]} 50. Qd4+ {[%clk 0:03:20.8]} 50... Kc6 {[%clk 0:04:33.6]} 51. Rc1+ {[%clk 0:03:16.2]} 51... Kb5 {[%clk 0:04:32.1]} 52. Qb2+ {[%clk 0:03:12.8]} 52... Ka4 {[%clk 0:04:29.6]} 53. Ra1# {[%clk 0:03:10.8]} 1-0",8/8/8/8/k7/7P/1Q1B4/R5K1 b - -
